Date,Open (Unit Curr),High (Unit Curr),Low (Unit Curr),Close (Unit Curr),Volume (000's),No of Trades,Value,Market Cap,TTM PE(x),Cons TTM PE(x),SENSEX,P/BV(x),Cons P/BV(x),EV/EBIDTA(x),Cons EV/EBIDTA(x),MCAP/Sales(x),Cons MCAP/Sales(x),Open,High,Low,Close,Volume,Daily_Return,Year,Month,Month_Name,Weekday,Day_of_Month,Week_of_Year,Quarter,Overnight,Intraday,YearMonth
2000-01-03,117.2734375,122.4804688,117.2734375,122.4804688,29.722,691,46.5888391,51844.55185,390.0569009,,5375.11,90.25375393,,267.7218415,,101.8774843,,117.2734375,122.4804688,117.2734375,122.4804688,29.722,,2000,1,January,Monday,3,1,1,,4.440077319299178,2000-01
2000-02-07,128.125,132.3671875,127.578125,132.3671875,228.012,9694,191.0760276,56039.56551,421.6184434,,5474.0,97.55564638,,289.5551934,,110.120924,,128.125,132.3671875,127.578125,132.3671875,228.012,7.999745028046923,2000,2,February,Monday,7,6,1,4.5385007649158595,3.3109756097560976,2000-02
2000-03-06,185.034375,185.0375,184.359375,185.0375,6.06,185,7.1763158,78338.30497,589.3849088,,5520.69,136.3740762,,405.6111267,,153.9392115,,185.034375,185.0375,184.359375,185.0375,6.06,7.999854083828839,2000,3,March,Monday,6,10,1,7.998030131689345,0.0016888753778766495,2000-03
2000-04-03,132.015625,137.5,127.965625,127.965625,120.919,5361,99.9034986,54176.10029,189.460986,,5052.94,65.01371221,,141.6920974,,61.40161536,,132.015625,137.5,127.965625,127.965625,120.919,-7.999932632108708,2000,4,April,Monday,3,14,2,-5.088211044065367,-3.0678186767664792,2000-04
2000-05-08,135.78125,135.9375,117.5,118.0125,586.908,33290,474.7186105,49962.3007,174.7247717,,4463.4,59.95696667,,130.5827886,,56.62581754,,135.78125,135.9375,117.5,118.0125,586.908,-11.143529411764707,2000,5,May,Monday,8,19,2,2.235294117647059,-13.086306098964325,2000-05
2000-06-05,126.9835938,131.6867188,122.1875,125.1289063,394.532,20134,324.7623585,52975.13433,185.2610493,,4531.53,63.57250004,,138.5258572,,60.0404755,,126.9835938,131.6867188,122.1875,125.1289063,394.532,6.421926952823909,2000,6,June,Monday,5,23,2,7.999335590697669,-1.4605725389384887,2000-06
2000-07-03,132.8125,135.340625,131.890625,135.2570313,349.843,18817,299.685599,57263.0227,200.2563619,,4844.98,59.98623743,,149.8304945,,64.90024339,,132.8125,135.340625,131.890625,135.2570313,349.843,4.0582532425772255,2000,7,July,Monday,3,27,3,2.177584602803489,1.840588272941172,2000-07
2000-08-07,99.21875,101.5625,98.90625,101.5625,399.504,22095,256.2472789,42997.955,150.369534,,4201.25,45.04277658,,112.2219089,,48.73263082,,99.21875,101.5625,98.90625,101.5625,399.504,3.371501272264621,2000,8,August,Monday,7,32,3,0.9860050890585241,2.3622047244094486,2000-08
2000-09-04,134.359375,135.9375,133.15625,134.2007813,649.314,27657,560.1913881,56815.84397,198.6925187,,4602.43,59.51779255,,148.6515475,,64.39342403,,134.359375,135.9375,133.15625,134.2007813,649.314,2.576091434138461,2000,9,September,Monday,4,36,3,2.6973122028589676,-0.11803694383068652,2000-09
2000-10-09,117.03125,117.375,115.0,115.6023438,577.85,24901,429.7057787,48941.92615,171.156387,,4056.07,44.14700216,,127.8926616,,55.46935473,,117.03125,117.375,115.0,115.6023438,577.85,0.12043872167348812,2000,10,October,Monday,9,41,4,1.3579803746665169,-1.220961238985314,2000-10
2000-11-06,118.359375,119.6859375,117.315625,118.6203125,442.937,17614,336.234117,50219.62692,175.6246755,,3931.54,45.29952441,,131.2612063,,56.91746359,,118.359375,119.6859375,117.315625,118.6203125,442.937,0.17021164300417002,2000,11,November,Monday,6,45,4,-0.05013986383068799,0.22046204620461804,2000-11
2000-12-04,113.90625,114.6875,112.203125,112.4320313,372.011,16493,269.4745525,47599.72845,166.4625442,,4036.49,42.93630186,,124.3540764,,53.94814691,,113.90625,114.6875,112.203125,112.4320313,372.011,-0.9511683123240577,2000,12,December,Monday,4,49,4,0.34756869525968537,-1.2942386392318195,2000-12
2001-01-01,89.359375,90.8875,87.11015625,87.72734375,851.691,34075,486.6660846,37140.64127,70.4101334,,3955.08,29.13122449,,53.65535503,,22.982359,,89.359375,90.8875,87.11015625,87.72734375,851.691,-1.5949382618678287,2001,1,January,Monday,1,1,1,0.23573538046287945,-1.8263682461968844,2001-01
2001-02-05,105.8945313,105.8945313,103.75,104.25,382.09,17179,256.0562577,44135.74704,83.67124882,,4370.47,34.61782864,,63.87972619,,27.31087964,,105.8945313,105.8945313,103.75,104.25,382.09,-2.7433602518876943,2001,2,February,Monday,5,6,1,-1.2091483746829539,-1.5529898284747374,2001-02
2001-03-05,73.4375,78.109375,72.03125,75.2296875,1203.966,43005,577.9342626,31849.57753,60.37949066,,3998.12,24.98118398,,45.92169077,,19.7082872,,73.4375,78.109375,72.03125,75.2296875,1203.966,-2.533477737178269,2001,3,March,Monday,5,10,1,-4.855410589390373,2.4404255319148898,2001-03
2001-04-02,60.9375,64.859375,58.828125,63.97734375,397.157,23118,157.2668621,27088.7718,43.45890567,,3566.26,19.49338702,,32.98718588,,14.25300331,,60.9375,64.859375,58.828125,63.97734375,397.157,0.28533640304686525,2001,4,April,Monday,2,14,2,-4.479659065860052,4.988461538461543,2001-04
2001-05-07,61.328125,62.890625,60.625,62.48671875,354.268,19468,140.4381403,26457.62336,42.44634517,,3544.81,19.03920546,,32.20752605,,13.92091883,,61.328125,62.890625,60.625,62.48671875,354.268,4.868231283597746,2001,5,May,Monday,7,19,2,2.923823259472925,1.8891719745222955,2001-05
2001-06-04,59.0625,59.21875,56.265625,56.5328125,296.713,15340,109.1437638,23936.66831,38.40194077,,3498.38,17.22509765,,29.09338159,,12.59449544,,59.0625,59.21875,56.265625,56.5328125,296.713,-3.437508340227924,2001,6,June,Monday,4,23,2,0.8833969414716141,-4.283068783068786,2001-06
2001-07-02,58.36328125,59.359375,57.3796875,58.17265625,49.921,5426,18.7228929,24631.96574,35.5932688,,3426.03,15.59310508,,26.63938817,,11.41658436,,58.36328125,59.359375,57.3796875,58.17265625,49.921,-1.018251425684924,2001,7,July,Monday,2,27,3,-0.6938997966155744,-0.3266180309216202,2001-07
2001-08-06,60.328125,60.640625,58.94375,59.2390625,175.044,12977,66.9440215,25083.51264,36.2457555,,3329.95,15.87895389,,27.13548996,,11.62587026,,60.328125,60.640625,58.94375,59.2390625,175.044,-2.112003304846244,2001,8,August,Monday,6,32,3,-0.31241124680488264,-1.8052318052318006,2001-08
2001-09-03,54.84375,55.859375,52.67734375,53.21171875,500.457,30393,174.9632767,22531.36298,32.55789113,,3227.12,14.26333222,,24.33151534,,10.44298327,,54.84375,55.859375,52.67734375,53.21171875,500.457,-3.5883135634006136,2001,9,September,Monday,3,36,3,-0.6313167058290684,-2.9757834757834707,2001-09
2001-10-01,38.28125,38.28125,35.71875,36.43125,302.135,20861,70.8837251,15426.03278,20.85754645,,2795.3,8.66032447,,15.22720041,,6.532053733,,38.28125,38.28125,35.71875,36.43125,302.135,-1.9656484537599606,2001,10,October,Monday,1,40,4,3.012592763890937,-4.832653061224494,2001-10
2001-11-05,45.1578125,45.515625,44.0,44.678125,267.469,15900,76.2650109,18917.99542,25.57903084,,3037.01,10.62074618,,18.76239852,,8.010702713,,45.1578125,45.515625,44.0,44.678125,267.469,-1.1101504409475993,2001,11,November,Monday,5,45,4,-0.04841777624070866,-1.062246981073313,2001-11
2001-12-03,58.78125,60.859375,58.78125,59.453125,334.687,16912,128.4841258,25174.15282,34.03798431,,3275.47,14.13301364,,25.09601607,,10.65983207,,58.78125,60.859375,58.78125,59.453125,334.687,-2.334475545117365,2001,12,December,Monday,3,49,4,-3.438185808339425,1.14300903774588,2001-12
2002-01-07,71.25,73.825,71.015625,73.24609375,497.73,26708,231.2584388,31018.48876,39.80306501,,3401.8,15.60856469,,29.13883843,,12.48065194,,71.25,73.825,71.015625,73.24609375,497.73,4.542768256375362,2002,1,January,Monday,7,2,1,1.6937812914664157,2.8015350877192984,2002-01
2002-02-04,59.328125,59.5625,57.5515625,57.9484375,302.119,18452,112.4043473,24540.2999,31.49022377,,3317.01,12.34872635,,22.97671709,,9.87407684,,59.328125,59.5625,57.5515625,57.9484375,302.119,-2.527037859573966,2002,2,February,Monday,4,6,1,-0.2063156234805553,-2.3255201474848612,2002-02
2002-03-04,57.421875,58.7109375,56.6328125,56.99609375,269.019,15718,99.0624997,24136.99651,30.97270304,,3642.58,12.14578331,,22.59309067,,9.711803002,,57.421875,58.7109375,56.6328125,56.99609375,269.019,1.2476407238814158,2002,3,March,Monday,4,10,1,2.0039968913067563,-0.7414965986394558,2002-03
2002-04-01,59.0,59.0625,55.1734375,55.59140625,329.574,19827,119.4095779,23548.03226,29.14504711,,3500.18,11.31946564,,20.61625912,,9.044447191,,59.0,59.0625,55.1734375,55.59140625,329.574,-4.754447255350758,2002,4,April,Monday,1,14,2,1.0855452488990665,-5.777277542372883,2002-04
2002-05-06,58.5625,58.671875,57.890625,58.23671875,110.745,6915,41.240083,24668.56344,30.53191178,,3384.35,11.85810148,,21.63054396,,9.474826468,,58.5625,58.671875,57.890625,58.23671875,110.745,-0.7865946176165206,2002,5,May,Monday,6,19,2,-0.23158623259775385,-0.5562966915688343,2002-05
2002-06-03,53.59375,53.809375,51.46875,51.80625,289.666,18268,97.6256558,21944.67326,27.16059367,,3161.09,10.54873597,,19.16492714,,8.428620967,,53.59375,53.809375,51.46875,51.80625,289.666,-1.9647846720184603,2002,6,June,Monday,3,23,2,1.4177791576115024,-3.3352769679300316,2002-06
2002-07-01,51.484375,52.09375,51.0046875,51.74609375,226.754,12767,74.9651798,21919.98642,26.25874514,,3288.71,9.54219372,,18.39172904,,7.954457229,,51.484375,52.09375,51.0046875,51.74609375,226.754,0.8173764802581474,2002,7,July,Monday,1,27,3,0.30746750281591245,0.5083459787556904,2002-07
2002-08-05,47.734375,48.609375,47.1875,48.35859375,239.703,14732,73.4572711,20485.01909,24.53974584,,3011.35,8.917524708,,17.14377076,,7.433727606,,47.734375,48.609375,47.1875,48.35859375,239.703,2.7335192192790236,2002,8,August,Monday,5,32,3,1.4074221602602435,1.3076923076923017,2002-08
2002-09-02,56.875,57.171875,55.6328125,55.94375,259.113,19022,93.0468584,23704.10265,28.39600254,,3187.26,10.3188166,,19.94333414,,8.601888113,,56.875,57.171875,55.6328125,55.94375,259.113,-1.0679598237106402,2002,9,September,Monday,2,36,3,0.5788811981044699,-1.6373626373626347,2002-09
2002-10-07,54.34375,54.640625,53.75390625,53.9484375,184.924,11493,64.0792613,22858.6625,26.61143346,,2952.78,9.060318134,,18.50898823,,7.657520151,,54.34375,54.640625,53.75390625,53.9484375,184.924,-1.3373339048435517,2002,10,October,Monday,7,41,4,-0.6143734819259894,-0.7274295572167965,2002-10
2002-11-04,60.953125,61.5625,60.671875,61.42421875,144.904,7958,56.7023508,26026.24934,30.29905194,,2987.58,10.31583098,,21.1635048,,8.71864348,,60.953125,61.5625,60.671875,61.42421875,144.904,1.5302564632351023,2002,11,November,Monday,4,45,4,0.751568997133188,0.7728787490387103,2002-11
2002-12-02,71.503125,72.96875,71.3125,72.71015625,327.856,18442,151.3842092,30809.15319,35.86717858,,3270.36,12.21159033,,25.17169721,,10.3208887,,71.503125,72.96875,71.3125,72.71015625,327.856,2.107561328827834,2002,12,December,Monday,2,49,4,0.4125159081932721,1.6880818146060053,2002-12
2003-01-06,75.078125,75.75,74.53125,75.0125,408.661,23543,196.4684679,31795.45308,34.96887883,,3334.89,11.44023906,,24.3472242,,9.684995577,,75.078125,75.75,74.53125,75.0125,408.661,-0.001041482237529312,2003,1,January,Monday,6,2,1,0.08644302571418887,-0.08740894901144262,2003-01
2003-02-03,67.578125,69.140625,67.2046875,68.9390625,269.1,14854,118.0201017,29223.25536,32.1399564,,3279.83,10.51473412,,22.3285476,,8.901496015,,67.578125,69.140625,67.2046875,68.9390625,269.1,2.581927668825057,2003,2,February,Monday,3,6,1,0.556840771439528,2.013872832369951,2003-02
2003-03-03,67.734375,67.875,65.6640625,65.88125,296.668,17493,126.737968,27928.83614,30.71634439,,3277.27,10.04898526,,21.31267944,,8.507211826,,67.734375,67.875,65.6640625,65.88125,296.668,-1.581410548183415,2003,3,March,Monday,3,10,1,1.1869332306291882,-2.73587081891581,2003-03
2003-04-07,67.109375,68.7328125,66.9203125,68.46875,229.468,17664,99.7240789,29029.84468,30.30476619,30.40506581,3215.24,10.14797491,10.15919719,20.5346275,20.55380599,8.013339446,7.975275875,67.109375,68.7328125,66.9203125,68.46875,229.468,1.911716824038323,2003,4,April,Monday,7,15,2,-0.11163309921392114,2.0256111757857975,2003-04
2003-05-05,46.40625,46.6875,45.64375,45.884375,325.986,18077,96.386208,19454.3683,20.30875774,20.37597358,2975.47,6.800671638,6.808192256,13.43447669,13.44437718,5.370144367,5.344636042,46.40625,46.6875,45.64375,45.884375,325.986,0.7254454715395653,2003,5,May,Monday,5,19,2,1.871066216193047,-1.1245791245791277,2003-05
2003-06-02,42.109375,44.109375,42.109375,43.8640625,207.898,13528,57.8636413,18597.78251,19.41455275,19.47880904,3206.38,6.501234587,6.508424069,12.79932414,12.80839466,5.133694164,5.109308983,42.109375,44.109375,42.109375,43.8640625,207.898,5.04789702140398,2003,6,June,Monday,2,23,2,0.8456817841640438,4.166975881261602,2003-06
2003-07-07,48.4375,48.734375,47.25,48.30703125,253.135,14684,77.8847422,20483.48654,20.09761239,21.4538439,3612.53,6.525944921,7.168331497,13.4609482,14.20845853,5.198801673,5.627362388,48.4375,48.734375,47.25,48.30703125,253.135,-0.19208419421486989,2003,7,July,Monday,7,28,3,0.07747933884297814,-0.26935483870967447,2003-07
2003-08-04,58.75078125,59.45546875,58.203125,58.43671875,214.388,12830,80.7062452,24779.37981,24.3125783,25.95324508,3832.5,7.894594698,8.671705174,16.48105693,17.39799669,6.289118844,6.80755933,58.75078125,59.45546875,58.203125,58.43671875,214.388,-1.1745587147236058,2003,8,August,Monday,4,32,3,-0.6434309269633207,-0.5345673594766124,2003-08
2003-09-01,61.1,61.640625,59.96875,60.453125,165.429,10209,64.1792268,25634.41235,25.15150349,26.8487828,4324.76,8.167004074,8.970929375,17.08216387,18.032826,6.506129977,7.042459671,61.1,61.640625,59.96875,60.453125,165.429,-1.058715220949269,2003,9,September,Monday,1,36,3,0.0,-1.0587152209492658,2003-09
2003-10-06,71.140625,72.421875,66.59375,71.26484375,225.581,12971,103.1461721,30224.94678,27.63828015,31.65678308,4631.39,8.789018522,10.57739259,18.90734191,21.44112408,7.20461544,8.303602433,71.140625,72.421875,66.59375,71.26484375,225.581,0.15371271094324346,2003,10,October,Monday,6,41,4,-0.020861010770865253,0.17461014715571752,2003-10
2003-11-03,74.125,78.2828125,74.125,77.87734375,309.925,17425,152.1845253,33029.44968,30.20277223,34.59414276,5063.03,9.60453122,11.55884438,20.74285768,23.52336133,7.87311504,9.074074495,74.125,78.2828125,74.125,77.87734375,309.925,5.118687321389026,2003,11,November,Monday,3,45,4,0.053781016355759985,5.062183811129841,2003-11
2003-12-01,77.83125,81.25,77.83125,80.88046875,198.802,12660,101.611328,34348.70518,31.40912515,35.9758949,5160.85,9.988025602,12.02034023,21.60629564,24.50285861,8.187581385,9.436509315,77.83125,81.25,77.83125,80.88046875,198.802,5.114224794395383,2003,12,December,Monday,1,49,4,1.1513859275053269,3.917730667309093,2003-12
2004-01-05,89.375,92.6875,88.90625,92.06796875,142.157,9932,82.4665732,39158.19645,33.60007246,41.01322459,6039.0,10.39457028,13.70318586,23.34703699,28.07372385,8.756618405,10.75780539,89.375,92.6875,88.90625,92.06796875,142.157,3.8766317904961767,2004,1,January,Monday,5,2,1,0.838262126594332,3.0131118881118946,2004-01
2004-02-09,87.109375,89.28125,87.109375,88.36953125,207.779,13570,117.5967246,37592.30754,32.25644621,39.37315535,5926.22,9.978887307,13.15518304,22.38043293,26.9111106,8.406451827,10.32761376,87.109375,89.28125,87.109375,88.36953125,207.779,1.432991077433532,2004,2,February,Monday,9,7,1,-0.013451105232479936,1.4466367713004418,2004-02
2004-03-01,79.65625,83.4375,79.53125,83.159375,249.737,16598,131.4330702,35382.79724,30.36055434,37.05897466,5823.17,9.392356126,12.38195128,21.01652926,25.27063283,7.912357606,9.720602101,79.65625,83.4375,79.53125,83.159375,249.737,4.935034208087696,2004,3,March,Monday,1,10,1,0.5146000512628476,4.397803060023535,2004-03
2004-04-05,78.484375,81.953125,78.4375,80.815625,227.082,15484,117.4438654,34468.08698,27.71927508,27.71570884,5838.02,10.59438236,10.60693424,19.28775702,19.16517542,7.239841077,7.10250198,78.484375,81.953125,78.4375,80.815625,227.082,3.4471034131023925,2004,4,April,Monday,5,15,2,0.46301389041670515,2.9703364523193274,2004-04
2004-05-03,80.46875,81.234375,79.515625,80.9859375,162.296,12758,83.5320925,34540.72574,27.77769125,27.77411749,5584.99,10.61670917,10.62928752,19.33043248,19.20768779,7.255098466,7.117469938,80.46875,81.234375,79.515625,80.9859375,162.296,0.7023577069915188,2004,5,May,Monday,3,19,2,0.05925839574894223,0.6427184466019489,2004-05
2004-06-07,81.890625,82.890625,80.46875,81.278125,145.907,11837,76.5246262,34665.34451,27.87790981,27.87432316,4938.15,10.65501298,10.6676367,19.40364634,19.28062184,7.281273987,7.143148912,81.890625,82.890625,80.46875,81.278125,145.907,-0.325745382080167,2004,6,June,Monday,7,24,2,0.4253851460105737,-0.7479488647204697,2004-06
2004-07-05,89.625,90.3125,88.75625,89.3625,288.389,12044,41.3525609,38243.16601,28.12369726,30.75124113,4843.77,10.20275914,11.41588385,19.93918642,21.37456823,7.425424928,7.880395637,89.625,90.3125,88.75625,89.3625,288.389,0.3192422382038318,2004,7,July,Monday,5,28,3,0.6139273811611998,-0.2928870292887061,2004-07
2004-08-02,97.5625,97.9375,97.0,97.278125,408.713,10709,63.6609261,41634.41383,30.61759191,33.47813564,5202.53,11.10746281,12.42815357,21.78643228,23.359321,8.083881294,8.579196948,97.5625,97.9375,97.0,97.278125,408.713,0.1737731295253342,2004,8,August,Monday,2,32,3,0.46661303298471435,-0.29147982062779976,2004-08
2004-09-06,100.10625,100.9375,99.75,100.446875,175.872,5652,28.298022,43021.09008,31.63734177,34.5931588,5246.23,11.47711782,12.84172239,22.54176839,24.17088349,8.353123134,8.864935777,100.10625,100.9375,99.75,100.446875,175.872,0.02800771768221022,2004,9,September,Monday,6,37,3,-0.31119686313561956,0.34026347006306085,2004-09
2004-10-04,107.8125,109.125,107.625,107.915625,382.016,10969,66.0569493,46250.16259,30.53803711,37.18964852,5766.3,11.00314008,13.80523432,22.26988773,26.06072197,8.10679594,9.530319205,107.8125,109.125,107.625,107.915625,382.016,1.442335937958994,2004,10,October,Monday,4,41,4,1.3453968626990243,0.09565217391304875,2004-10
2004-11-01,119.25,122.125,118.4375,121.69375,450.9,13270,87.1013001,52195.53605,34.4636457,41.97030954,5704.1,12.41726718,15.57938958,25.23775168,29.54029559,9.148909671,10.75542424,119.25,122.125,118.4375,121.69375,450.9,2.1349139739823553,2004,11,November,Monday,1,45,4,0.08392782207301243,2.04926624737945,2004-11
2004-12-06,129.790625,129.790625,126.86875,126.86875,492.595,16930,100.4348461,54584.61023,36.04110255,43.89135854,6322.5,12.98433615,16.29045372,26.43035079,30.93851885,9.567670076,11.24771741,129.790625,129.790625,126.86875,126.86875,492.595,-0.9901473027021601,2004,12,December,Monday,6,50,4,1.2901180372646706,-2.2512219199191006,2004-12
2005-01-03,131.1875,132.8125,130.96875,132.334375,103.824,5418,21.8878165,57053.33053,33.91307971,45.87645082,6679.2,12.13867552,17.02582281,25.11765343,32.38335559,9.10178093,11.75642249,131.1875,132.8125,130.96875,132.334375,103.824,1.357108664432749,2005,1,January,Monday,3,1,1,0.47869794159885115,0.8742258218199098,2005-01
2005-02-07,131.25,132.0625,126.15625,126.83125,691.769,20110,141.1582533,54718.17345,32.52503861,43.99875642,6535.17,11.64161885,16.32851746,24.0592157,31.01668771,8.729250739,11.27523948,131.25,132.0625,126.15625,126.83125,691.769,-2.4703224876243546,2005,2,February,Monday,7,6,1,0.9275724515788045,-3.3666666666666685,2005-02
2005-03-07,139.875,141.36875,138.88125,140.803125,165.515,6338,37.1528199,60813.64016,36.14824599,48.90010708,6878.98,12.93805258,18.14666013,26.82205852,34.5841045,9.701667285,12.53127276,139.875,141.36875,138.88125,140.803125,165.515,0.8979756359727586,2005,3,March,Monday,7,10,1,0.2328914367610094,0.6635388739946341,2005-03
2005-04-04,140.5625,141.125,138.6875,139.346875,224.509,5336,50.2325246,60325.05675,32.45027259,32.67879564,6604.42,11.50739679,11.54483508,23.98860854,23.88173039,8.793740051,8.460737272,140.5625,141.125,138.6875,139.346875,224.509,-0.6262257086824596,2005,4,April,Monday,4,14,2,0.24068461401319713,-0.8648288128056834,2005-04
2005-05-02,118.125,120.4375,118.125,119.66875,163.453,5846,31.2908865,51823.43046,27.87704705,28.07336428,6195.15,9.885571172,9.917732719,20.52280084,20.42578474,7.554435927,7.268363318,118.125,120.4375,118.125,119.66875,163.453,1.4491217845126858,2005,5,May,Monday,2,18,2,0.14040850928551096,1.3068783068783092,2005-05
2005-06-06,136.396875,141.0625,136.396875,138.665625,132.624,3750,29.6433121,60067.67619,32.31182151,32.53936955,6758.19,11.45811486,11.49539221,23.88368373,23.77710414,8.756221018,8.424639016,136.396875,141.0625,136.396875,138.665625,132.624,-1.0833946365277791,2005,6,June,Monday,6,23,2,-2.701798970106329,1.663344559763566,2005-06
2005-07-04,143.75,149.96875,143.75,149.678125,135.204,4049,32.1333977,65001.7053,32.68766264,35.21219139,7277.31,11.27217772,11.28936658,24.23020934,25.78280703,8.837228677,9.11664871,143.75,149.96875,143.75,149.678125,135.204,1.8738301854687611,2005,7,July,Monday,4,27,3,-2.160966479496349,4.123913043478257,2005-07
2005-08-01,140.5625,142.125,140.071875,141.3625,61.008,2147,13.7689682,61419.2982,30.88616352,33.27155915,7669.45,10.65082182,10.667063,22.86368683,24.32654398,8.350186827,8.614207321,140.5625,142.125,140.071875,141.3625,61.008,-0.3261061166930923,2005,8,August,Monday,1,31,3,-0.8901815617838806,0.5691418408181494,2005-08
2005-09-05,150.0,151.1875,146.875,147.23125,122.655,3191,29.2732504,63986.40773,32.17709597,34.6621927,7925.24,11.09591807,11.11283786,23.84292031,25.37008444,8.699195117,8.974250733,150.0,151.1875,146.875,147.23125,122.655,-1.214014635271432,2005,9,September,Monday,5,36,3,0.6437003333822535,-1.845833333333341,2005-09
2005-10-03,158.2625,160.0625,157.8125,159.60625,103.038,3536,26.2802432,69629.05958,32.75551793,37.71888385,8697.65,10.94937747,10.93009265,24.50796022,27.66384536,8.885927245,9.765646505,158.2625,160.0625,157.8125,159.60625,103.038,1.4580850218514074,2005,10,October,Monday,3,40,4,0.6038935240365443,0.8490640549719612,2005-10
2005-11-07,162.5,166.184375,161.25,164.81875,308.178,7063,81.2796406,71903.03991,33.82526387,38.95072584,8206.83,11.30696767,11.28705304,25.32574754,28.58822761,9.17612826,10.08457783,162.5,166.184375,161.25,164.81875,308.178,1.871631931701856,2005,11,November,Monday,7,45,4,0.43845247522839736,1.4269230769230734,2005-11
2005-12-05,177.5,178.4375,172.1875,174.203125,178.213,5997,49.9967221,75997.02248,35.75119135,41.16848455,8823.31,11.95075865,11.92971013,26.7980589,30.25244816,9.698594476,10.65876893,177.5,178.4375,172.1875,174.203125,178.213,-1.960956735842423,2005,12,December,Monday,5,49,4,-0.1055223355610271,-1.857394366197183,2005-12
2006-01-02,187.5,188.125,185.9375,186.178125,163.021,3760,48.6825689,81776.92818,35.99732725,34.86456462,9390.14,11.67889365,11.63697993,27.1885444,26.52006778,9.694539199,9.204024372,187.5,188.125,185.9375,186.178125,163.021,-0.5973137565696174,2006,1,January,Monday,2,1,1,0.10845082172353383,-0.7050000000000031,2006-01
2006-02-06,174.5,178.4375,174.125,177.796875,105.761,4137,29.918728,78095.54574,34.37682216,33.29505352,9980.42,11.15314055,11.11311367,25.94201258,25.30274382,9.258116517,8.789683378,174.5,178.4375,174.125,177.796875,105.761,2.066627199827775,2006,2,February,Monday,6,6,1,0.1740128805410512,1.8893266475644699,2006-02
2006-03-06,177.1875,179.5,176.5625,178.4375,158.955,4909,45.2987377,78376.93404,34.50068627,33.41501988,10735.36,11.19332675,11.15315564,26.03729186,25.39579058,9.291474701,8.821353738,177.1875,179.5,176.5625,178.4375,158.955,1.0744694032889024,2006,3,March,Monday,6,10,1,0.36641707822207736,0.7054673721340388,2006-03
2006-04-03,187.875,197.1875,186.875,196.453125,478.59,13267,147.8875522,86613.81909,35.77605084,35.23751794,11564.36,12.55859265,12.43419262,26.59056129,25.75381396,9.593909957,9.097134659,187.875,197.1875,186.875,196.453125,478.59,5.448110438297804,2006,4,April,Monday,3,14,2,0.8437190734186589,4.565868263473054,2006-04
2006-05-08,201.25,202.79375,201.25,201.71875,79.872,3413,25.7765934,88935.3698,36.73497307,36.18200561,12462.47,12.89520648,12.76747211,27.33132412,26.47256031,9.851060013,9.340969414,201.25,202.79375,201.25,201.71875,79.872,0.4778730756658245,2006,5,May,Monday,8,19,2,0.24438460221346792,0.2329192546583851,2006-05
2006-06-05,181.25,182.375,175.9375,176.55625,145.79,8446,41.8354277,77841.5263,32.15263375,31.66864373,10213.48,11.28665183,11.17485111,23.79148893,23.03793384,8.622233751,8.175772114,181.25,182.375,175.9375,176.55625,145.79,-2.125595495885657,2006,6,June,Monday,5,23,2,0.4763967085318319,-2.58965517241379,2006-06
2006-07-03,193.75,197.496875,191.5,197.003125,156.135,10654,48.8057619,86933.35177,32.23335253,31.86706443,10695.26,11.29606091,11.18272104,24.21254755,23.46946368,8.756381121,8.307057025,193.75,197.496875,191.5,197.003125,156.135,2.4207567708079525,2006,7,July,Monday,3,27,3,0.7294763691897717,1.6790322580645218,2006-07
2006-08-07,210.0,211.875,207.75,209.2875,111.106,5692,18.6330106,92703.70592,34.372898,33.98229689,10812.64,11.83223503,11.71560005,25.88269346,25.0912608,9.337601321,8.858452548,210.0,211.875,207.75,209.2875,111.106,-0.3956096255093855,2006,8,August,Monday,7,32,3,-0.05651566078705764,-0.339285714285717,2006-08
2006-09-04,230.9625,231.875,226.875,230.96875,210.919,8480,38.8322578,102307.3957,37.93377667,37.50271103,11914.21,13.05800172,12.92928388,28.66234318,27.79044286,10.3049351,9.776148657,230.9625,231.875,226.875,230.96875,210.919,2.0292655991165143,2006,9,September,Monday,4,36,3,2.0265046935394837,0.0027060670022165134,2006-09
2006-10-09,233.75,239.875,231.25,237.1625,246.368,11388,46.5964932,105449.0882,35.13798342,34.5621397,12365.83,12.07631544,11.92337969,26.7041527,25.78869774,9.559340789,9.07323079,233.75,239.875,231.25,237.1625,246.368,1.3487887609839433,2006,10,October,Monday,9,41,4,-0.10950562217889237,1.4598930481283399,2006-10
2006-11-06,259.3625,260.625,258.0,258.81875,82.093,3701,17.0110135,115078.0634,38.34657227,37.71814598,13186.89,13.17905178,13.01215086,29.22087386,28.22271572,10.43224217,9.901743537,259.3625,260.625,258.0,258.81875,82.093,-0.20964865776663677,2006,11,November,Monday,6,45,4,0.0,-0.20964865776663494,2006-11
2006-12-04,274.21875,276.88125,272.625,275.68125,71.987,3371,15.8188166,122575.603,40.84491938,40.17555,13874.33,14.03769034,13.85991553,31.18050263,30.11794819,11.11192123,10.54685967,274.21875,276.88125,272.625,275.68125,71.987,0.533333333333319,2006,12,December,Monday,4,49,4,0.0,0.5333333333333251,2006-12
2007-01-08,285.0,286.25,273.9125,275.74375,668.372,22347,148.0234009,123058.5828,37.09936171,36.3540865,13652.15,12.69833298,12.52004592,28.49181323,27.4694794,10.18106915,9.65544,285.0,286.25,273.9125,275.74375,668.372,-3.026639704589429,2007,1,January,Monday,8,2,1,0.22859152452962095,-3.2478070175438676,2007-01
2007-02-05,282.5,284.0,281.86875,282.5875,123.647,3103,27.9873814,126112.8032,38.02013963,37.25636726,14515.9,13.01349594,12.83078394,29.21831664,28.17079292,10.43375554,9.895080672,282.5,284.0,281.86875,282.5875,123.647,0.03761311591476968,2007,2,February,Monday,5,6,1,0.006637608690846338,0.030973451327425582,2007-02
2007-03-05,259.3375,259.3375,250.03125,250.825,433.912,22280,87.5728094,111937.8736,33.74672101,33.06879574,12415.04,11.55079442,11.38861903,25.84654462,24.91592964,9.261013782,8.782885335,259.3375,259.3375,250.03125,250.825,433.912,-4.590732948196763,2007,3,March,Monday,5,10,1,-1.3527328055535872,-3.2824022750277106,2007-03
2007-04-02,250.0,250.5625,239.0,240.15,525.545,31600,102.313683,109740.8387,29.05502745,28.50411394,12455.37,9.831994535,9.750749969,22.67250243,21.81999972,8.345945599,7.899002281,250.0,250.5625,239.0,240.15,525.545,-4.541389247739236,2007,4,April,Monday,2,14,2,-0.6260558481566089,-3.9399999999999977,2007-04
2007-05-07,259.85,259.875,254.375,254.85,168.179,6543,34.5309992,116458.2667,30.83353632,30.24890043,13879.25,10.43382805,10.34761037,24.13313039,23.23063139,8.856815474,8.382513976,259.85,259.875,254.375,254.85,168.179,-1.6141874773796583,2007,5,May,Monday,7,19,2,0.31608155386657893,-1.924187030979422,2007-05
2007-06-04,243.75,244.0875,238.75,239.55625,135.855,7213,26.2038801,109469.514,28.98319142,28.43364,14495.77,9.807685784,9.726642088,22.61350598,21.76302268,8.325310974,7.879472684,243.75,244.0875,238.75,239.55625,135.855,-1.2164634932089302,2007,6,June,Monday,4,23,2,0.5128733795520758,-1.7205128205128182,2007-06
2007-07-02,241.875,244.3625,241.25,242.83125,183.723,5204,35.6670455,110966.0838,27.699971,26.8358123,14664.26,9.103337185,8.997051913,21.69362201,20.67900941,8.021837912,7.573959719,241.875,244.3625,241.25,242.83125,183.723,0.6971801783122622,2007,7,July,Monday,2,27,3,0.3006427534729398,0.3953488372093071,2007-07
2007-08-06,237.5,237.5,232.5,233.35625,334.618,9774,62.8176455,106636.3131,26.61914955,25.78870933,14903.03,8.748135292,8.64599715,20.80327228,19.82736292,7.708834894,7.2784324,237.5,237.5,232.5,233.35625,334.618,-2.7353010133639,2007,8,August,Monday,6,32,3,-1.0081538020684038,-1.744736842105268,2007-08
2007-09-03,234.375,234.375,232.00625,232.74375,92.751,3000,17.2735668,106356.4203,26.54928114,25.72102062,15422.05,8.725173692,8.623303637,20.74571669,19.77230926,7.68860119,7.259328391,234.375,234.375,232.00625,232.74375,92.751,0.3719576291744131,2007,9,September,Monday,3,36,3,1.075442710439074,-0.6959999999999976,2007-09
2007-10-01,237.5,238.625,231.6375,236.6375,200.081,7697,37.7464583,108135.739,25.8450619,25.11280515,17328.62,8.152816639,8.049644122,20.02061992,19.1325489,7.497971084,7.064924799,237.5,238.625,231.6375,236.6375,200.081,-0.19243442730987326,2007,10,October,Monday,1,40,4,0.17134572294714645,-0.3631578947368469,2007-10
2007-11-05,238.75,239.94375,229.9875,232.04375,210.599,4998,39.3049815,106036.5427,25.34334195,24.62530022,19590.78,7.994549241,7.893379571,19.61126028,18.73995563,7.352415943,6.927776214,238.75,239.94375,229.9875,232.04375,210.599,-2.7248670317289836,2007,11,November,Monday,5,45,4,0.08646212696832818,-2.8089005235602142,2007-11
2007-12-03,202.0,203.0,198.88125,200.0875,184.659,6617,29.649725,91433.56261,21.85314594,21.22413245,19603.41,6.893568007,6.806331069,16.76356525,16.0088952,6.339867051,5.973707214,202.0,203.0,198.88125,200.0875,184.659,-0.20884635765717752,2007,12,December,Monday,3,49,4,0.7449892459711384,-0.946782178217819,2007-12
2008-01-07,208.75,210.125,202.875,204.7625,307.584,12011,50.4768475,93626.25042,21.22081832,20.55461041,20812.65,6.479425297,6.384430573,16.33128018,15.56048395,6.255512155,5.880307149,208.75,210.125,202.875,204.7625,307.584,-3.3455274958697268,2008,1,January,Monday,7,2,1,-1.4632995043662942,-1.9101796407185683,2008-01
2008-02-04,200.125,207.5,200.0,205.33125,522.189,12213,85.690464,93886.30746,21.27976144,20.61170307,18660.32,6.497422601,6.402164019,16.37945674,15.606577,6.272887517,5.896640338,200.125,207.5,200.0,205.33125,522.189,3.2398969266545175,2008,2,February,Monday,4,6,1,0.6222110489598449,2.601499063085577,2008-02
2008-03-03,191.25,192.375,181.875,184.0,185.114,11177,27.7729018,84132.73953,19.06907061,18.47041482,16677.88,5.822424783,5.73706233,14.57257123,13.87783402,5.621215977,5.284055993,191.25,192.375,181.875,184.0,185.114,-4.838866082684157,2008,3,March,Monday,3,10,1,-1.0893105343116598,-3.7908496732026142,2008-03
2008-04-07,185.75,191.1125,184.375,186.525,278.515,8034,42.1389156,85353.20701,19.09467718,18.32007019,15757.08,6.327147548,6.187257712,13.97630724,13.19253021,5.454576113,5.113420022,185.75,191.1125,184.375,186.525,278.515,0.6271495043495889,2008,4,April,Monday,7,15,2,0.20904983478318892,0.41722745625841484,2008-04
2008-05-05,227.375,227.375,220.625,223.41875,257.106,8611,46.0543299,102235.6618,22.87151271,21.94369217,17490.9,7.578626974,7.411067599,16.96593976,16.0332596,6.533465095,6.124829967,227.375,227.375,220.625,223.41875,257.106,-0.12014529198101087,2008,5,May,Monday,5,19,2,1.648505169041632,-1.7399670148433255,2008-05
2008-06-02,244.5,252.125,242.3875,243.8625,282.83,12721,55.96545,111590.6524,24.96435177,23.95163177,16063.18,8.272103037,8.089211278,18.62256994,17.60737884,7.131304475,6.685277524,244.5,252.125,242.3875,243.8625,282.83,-0.3397103522259859,2008,6,June,Monday,2,23,2,-0.07918060841357587,-0.26073619631901374,2008-06
2008-07-07,222.25,227.2125,221.875,225.15,148.98,7236,26.805018,103090.4529,21.91548743,21.11643852,13525.99,6.988154405,6.828461362,16.33622661,15.50402401,6.205782137,5.80039683,222.25,227.2125,221.875,225.15,148.98,2.609091944855879,2008,7,July,Monday,7,28,3,1.287455850518395,1.304836895388079,2008-07
2008-08-04,202.5,210.3125,202.5,206.975,200.566,10582,33.2815307,94768.58308,20.14638246,19.41183594,14577.87,6.424042895,6.277240908,14.92979265,14.1620034,5.704826817,5.332165818,202.5,210.3125,202.5,206.975,200.566,0.9572587037375735,2008,8,August,Monday,4,32,3,-1.2255350283519242,2.209876543209874,2008-08
2008-09-01,220.0,221.1125,212.6375,215.4125,378.13,11762,65.2862723,98631.89952,20.96766571,20.20317483,14498.51,6.685924098,6.533137611,15.58271075,14.78501847,5.937388606,5.549535786,220.0,221.1125,212.6375,215.4125,378.13,-1.441235344581071,2008,9,September,Monday,1,36,3,0.657706605661996,-2.0852272727272756,2008-09
2008-10-06,174.375,174.375,159.39375,164.725,262.83,12181,34.4881349,75444.03089,15.02869141,14.4695111,11801.7,4.673699839,4.564274315,10.90801816,10.34184371,4.2346223,3.953053754,174.375,174.375,159.39375,164.725,262.83,-5.258995650454734,2008,10,October,Monday,6,41,4,0.29116790682626653,-5.534050179211473,2008-10
2008-11-03,176.625,182.125,168.75,172.3125,304.932,15644,42.2500637,78919.10501,15.72093725,15.13600019,10337.68,4.888978015,4.774512174,11.45726332,10.8665416,4.429675854,4.135137805,176.625,182.125,168.75,172.3125,304.932,-0.22798827488872409,2008,11,November,Monday,3,45,4,2.269026164368683,-2.4416135881104037,2008-11
2008-12-01,162.5,162.5,152.7375,154.1625,311.408,14316,39.3107324,70606.40712,14.06502134,13.5416968,8839.87,4.374012757,4.271603819,10.14341823,9.611415841,3.963089757,3.699575956,162.5,162.5,152.7375,154.1625,311.408,-0.588424955666611,2008,12,December,Monday,1,49,4,4.788005803643406,-5.130769230769235,2008-12
2009-01-05,143.125,148.125,142.74375,146.80625,263.668,8053,30.6365627,67253.88132,12.38105326,11.9583715,10275.6,3.79101834,3.701304024,8.876952907,8.441192794,3.494434237,3.26475152,143.125,148.125,142.74375,146.80625,263.668,3.84632388699766,2009,1,January,Monday,5,2,1,1.2423184048808484,2.572052401746729,2009-01
2009-02-02,161.625,162.25,158.38125,159.85,414.598,5427,53.2293289,73229.3954,13.48111108,13.020874,9066.7,4.127850698,4.030165257,9.749036107,9.277630936,3.804915068,3.55482502,161.625,162.25,158.38125,159.85,414.598,-2.0451934124856463,2009,2,February,Monday,2,6,1,-0.9574875526618154,-1.098221191028619,2009-02
2009-03-02,151.4125,153.625,148.75,152.34375,179.824,7261,21.7225374,69790.68318,12.84806391,12.40943869,8607.08,3.934014732,3.840916412,9.247180849,8.796288239,3.62624354,3.387897242,151.4125,153.625,148.75,152.34375,179.824,-1.0192479493218554,2009,3,March,Monday,2,10,1,-1.6242995208316415,0.6150416907454839,2009-03
2009-04-06,178.125,182.125,159.375,176.80625,266.905,6656,37.6056603,81023.94543,13.92403255,13.53105301,10534.87,4.549500662,4.438594463,9.714567535,9.298519806,3.998418152,3.735027218,178.125,182.125,159.375,176.80625,266.905,-0.41889608560968794,2009,4,April,Monday,6,15,2,0.3238524359335334,-0.7403508771929792,2009-04
2009-05-04,189.375,204.375,186.25,203.65625,347.337,13022,55.475561,93328.33476,16.03855211,15.58589425,12134.75,5.240393053,5.112644511,11.37507891,10.90253354,4.605622521,4.302232737,189.375,204.375,186.25,203.65625,347.337,8.090625621973068,2009,5,May,Monday,4,19,2,0.5108472102434847,7.541254125412541,2009-05
2009-06-01,200.625,210.625,200.625,209.60625,232.541,10370,38.3769362,96055.00576,16.5071328,16.04125013,14840.63,5.393495836,5.262015006,11.74305071,11.25798537,4.740179913,4.427926325,200.625,210.625,200.625,209.60625,232.541,4.672284644194757,2009,6,June,Monday,1,23,2,0.18726591760299627,4.476635514018685,2009-06
2009-07-06,224.99375,227.375,218.75,220.0,208.007,5603,36.8444368,100858.4152,16.75110698,16.23344844,14043.4,5.233001806,5.09861559,11.60361622,11.10259593,4.836870092,4.520569009,224.99375,227.375,218.75,220.0,208.007,-2.2710866788827833,2009,7,July,Monday,6,28,3,-0.052751402076741935,-2.219506097391597,2009-07
2009-08-03,257.5,260.625,255.05,259.48125,124.652,4715,25.7472088,118958.4893,19.75726445,19.14670679,15924.23,6.1721175,6.013614302,13.89100079,13.30696496,5.704895898,5.33183135,257.5,260.625,255.05,259.48125,124.652,0.5790009205872249,2009,8,August,Monday,3,32,3,-0.18896264353893555,0.7694174757281509,2009-08
2009-09-07,276.25,278.5,274.41875,277.925,114.842,5444,25.4502629,127413.9774,21.16159731,20.50764162,16016.32,6.610827396,6.441057899,14.95955736,14.33674064,6.110396001,5.710814281,276.25,278.5,274.41875,277.925,114.842,1.0475606153566464,2009,9,September,Monday,7,37,3,0.4385665916786008,0.6063348416289633,2009-09
2009-10-05,288.75,291.75,286.75,289.825,80.074,3554,18.5271923,132928.0491,21.90279274,21.04623957,16866.41,6.032407207,6.234414911,15.20297572,14.87782798,6.333828043,5.913695575,288.75,291.75,286.75,289.825,80.074,-0.3074277114909263,2009,10,October,Monday,5,41,4,-0.6772009029345373,0.37229437229436835,2009-10
2009-11-09,277.875,280.0,275.06875,279.25625,90.169,3749,20.0298507,128080.6988,21.10408614,20.27876801,16498.72,5.812429622,6.007070919,14.60813582,14.29261122,6.102858854,5.698046925,277.875,280.0,275.06875,279.25625,90.169,0.7327080890973114,2009,11,November,Monday,9,46,4,0.23446658851112895,0.49707602339182105,2009-11
2009-12-07,297.5,303.15625,296.76875,298.7375,164.897,5160,39.5649546,137015.7615,22.57633243,21.69343912,16983.14,6.217911664,6.426131371,15.70459707,15.37133424,6.528601587,6.095549493,297.5,303.15625,296.76875,298.7375,164.897,0.30849300119619727,2009,12,December,Monday,7,50,4,-0.10702818408848426,0.41596638655462564,2009-12
2010-01-04,325.75,328.68125,325.15,326.78125,114.973,3627,30.0978068,149936.4483,25.23333024,24.05140332,17558.73,6.378437509,6.546366117,17.05367324,17.04855924,7.176396319,6.683744853,325.75,328.68125,325.15,326.78125,114.973,0.34545629018327695,2010,1,January,Monday,4,1,1,0.028788024181940312,0.31657712970069074,2010-01
2010-02-01,308.75,315.5,298.875,306.15,164.553,8191,39.8475791,140470.2493,23.64023044,22.53292417,16356.03,5.975736501,6.13306298,15.90792172,15.89779349,6.723316387,6.261768344,308.75,315.5,298.875,306.15,164.553,-1.1103484475309844,2010,2,February,Monday,1,5,1,-0.2705212581257245,-0.8421052631579021,2010-02
2010-03-08,331.625,333.6875,329.78125,332.43125,81.664,2801,21.6962348,152528.8275,25.66961083,24.46724856,17102.6,6.488719761,6.65955183,17.36744463,17.36370381,7.300475161,6.799305824,331.625,333.6875,329.78125,332.43125,81.664,0.9815461725394936,2010,3,March,Monday,8,10,1,0.7366342648845722,0.24312099509988006,2010-03
2010-04-05,336.75,336.75,330.0125,334.1125,92.969,4401,24.8014264,153377.7356,26.65121383,24.66673136,17935.68,6.960353237,6.654156927,17.33857452,16.21868448,7.255332808,6.744250091,336.75,336.75,330.0125,334.1125,92.969,0.05615033315864437,2010,4,April,Monday,5,14,2,0.8459983529235573,-0.7832219747587197,2010-04
2010-05-03,337.125,339.975,335.0,336.8125,90.552,3218,24.4319707,154617.198,26.86658523,24.86606594,17386.08,7.01660062,6.707929904,17.48824997,16.35943652,7.313963954,6.798751121,337.125,339.975,335.0,336.8125,90.552,-1.522211867039458,2010,5,May,Monday,3,18,2,-1.4308426073131988,-0.09269558769002596,2010-05
2010-06-07,335.625,336.25,331.6375,334.03125,62.544,3548,16.6910711,153340.4369,26.64473274,24.66073286,16781.07,6.958660608,6.652538759,17.33407039,16.21444889,7.253568445,6.742610014,335.625,336.25,331.6375,334.03125,62.544,-2.1351009869806536,2010,6,June,Monday,7,23,2,-1.6681620918862567,-0.4748603351955307,2010-06
2010-07-05,340.625,343.75,340.625,342.875,72.668,2412,19.922309,157421.072,27.51154701,25.46442446,17441.44,6.708203167,6.415412391,17.69860592,18.40183837,7.223138112,6.707903188,340.625,343.75,340.625,342.875,72.668,0.5130084279955982,2010,7,July,Monday,5,27,3,-0.14657383657017223,0.6605504587155964,2010-07
2010-08-02,347.625,351.5,343.88125,349.94375,45.902,2800,12.8332508,160666.4827,28.07872819,25.98940193,18081.21,6.846500247,6.547673262,18.08769725,18.80848048,7.372051149,6.846194083,347.625,351.5,343.88125,349.94375,45.902,0.3836706886351182,2010,8,August,Monday,2,31,3,-0.2814780285780845,0.667026249550528,2010-08
2010-09-06,346.25,355.0,346.25,353.9375,75.466,3836,21.2972168,162500.0967,28.39917804,26.28600724,18560.05,6.924636262,6.622398901,18.30752868,19.03822788,7.456185039,6.924326604,346.25,355.0,346.25,353.9375,75.466,2.1593635560045454,2010,9,September,Monday,6,36,3,-0.05953132610539176,2.220216606498195,2010-09
2010-10-04,389.375,395.25,382.875,384.5875,91.338,4574,28.4530887,176613.2481,29.80814315,27.66498248,20475.73,7.869407464,6.721717664,19.09963913,19.73582697,7.672832051,7.11289763,389.375,395.25,382.875,384.5875,91.338,-0.8603467165044898,2010,10,October,Monday,4,40,4,0.37378359218920887,-1.2295345104333926,2010-10
2010-11-01,373.5125,378.125,373.20625,374.33125,18.629,1265,5.6000354,171903.2936,29.01321412,26.92720765,20355.63,7.659544662,6.542461664,18.56037253,19.17605106,7.468211558,6.923209571,373.5125,378.125,373.20625,374.33125,18.629,0.84354795258621,2010,11,November,Monday,1,44,4,0.622979525862069,0.21920283792377038,2010-11
2010-12-06,390.0,396.475,390.0,393.18125,84.907,4002,26.7679118,180559.7365,30.47421714,28.28316675,19981.31,8.045252286,6.871916932,19.55149262,20.20486529,7.844284322,7.271837959,390.0,396.475,390.0,393.18125,84.907,0.718860070445082,2010,12,December,Monday,6,49,4,-0.09606147934678194,0.8157051282051223,2010-12
2011-01-03,431.125,432.35625,428.375,431.6125,48.314,2797,16.6462263,198241.2417,32.52522423,30.01381403,20561.05,8.227462468,7.066148048,20.77894384,21.23856984,8.186036326,7.567903863,431.125,432.35625,428.375,431.6125,48.314,0.22931785195936527,2011,1,January,Monday,3,1,1,0.11611030478955006,0.11307625398666545,2011-01
2011-02-07,385.125,388.875,382.625,386.13125,73.991,4596,22.8530646,177351.5328,29.09787249,26.85110262,18037.19,7.360492032,6.321551341,18.47552462,18.87467838,7.323431177,6.770434542,385.125,388.875,382.625,386.13125,73.991,1.4016774172370239,2011,2,February,Monday,7,6,1,1.1374267566103728,0.26127880558260896,2011-02
2011-03-07,380.25,384.6625,378.2625,379.7125,69.464,4282,21.1830018,174403.3768,28.61417175,26.40475047,18222.67,7.238136853,6.216466716,18.15044402,18.54106335,7.201692069,6.657888026,380.25,384.6625,378.2625,379.7125,69.464,-0.8227496816742397,2011,3,March,Monday,7,10,1,-0.6823598550393447,-0.14135437212360888,2011-03
2011-04-04,403.38125,411.875,403.38125,410.48125,70.85,3778,23.224249,188542.7597,29.26319412,27.58489535,19701.73,7.69528495,7.258044027,18.13195563,16.88210978,7.427329514,6.855851049,403.38125,411.875,403.38125,410.48125,70.85,2.039960226213422,2011,4,April,Monday,4,14,2,0.2749984463364727,1.7601214731720838,2011-04
2011-05-02,365.5875,367.75,364.15625,365.41875,148.118,9398,43.3223462,167844.596,26.05069005,24.55663438,18998.02,6.850499036,6.461258281,15.96732859,14.84909105,6.611959661,6.103217919,365.5875,367.75,364.15625,365.41875,148.118,0.5987714860888893,2011,5,May,Monday,2,18,2,0.6452278944923348,-0.04615858036721404,2011-05
2011-06-06,352.125,355.625,349.375,354.80625,43.797,2921,12.3490303,162970.0493,25.29412529,23.84346002,18420.11,6.65154668,6.273610265,15.45754542,14.37030245,6.419934972,5.92596812,352.125,355.625,349.375,354.80625,43.797,0.8867958059356695,2011,6,June,Monday,6,23,2,0.12440021325750845,0.7614483493077677,2011-06
2011-07-04,368.75,371.75625,366.6625,367.3625,49.98,3721,14.7300436,168748.0208,25.31473459,23.91214692,18814.48,6.451822417,6.092185605,15.43392833,15.65596261,6.360169637,5.861748673,368.75,371.75625,366.6625,367.3625,49.98,0.1567665201240409,2011,7,July,Monday,4,27,3,0.5350509491190341,-0.37627118644067487,2011-07
2011-08-01,347.5,352.49375,347.5,351.14375,27.792,2446,7.8044813,161297.9355,24.19711004,22.85644544,18314.33,6.166979803,5.823220658,14.68525128,14.88901951,6.079373417,5.602957326,347.5,352.49375,347.5,351.14375,27.792,1.530649125343353,2011,8,August,Monday,1,31,3,0.47708544166545525,1.04856115107914,2011-08
2011-09-05,285.9875,285.9875,280.125,282.98125,116.846,6451,26.3693979,129987.4807,19.50007211,18.4196515,16713.33,4.969872462,4.69284235,11.53878813,11.66578965,4.899271847,4.515335579,285.9875,285.9875,280.125,282.98125,116.846,-2.2327308846710414,2011,9,September,Monday,5,36,3,-1.1941007536006603,-1.0511823069190165,2011-09
2011-10-03,310.375,314.625,308.56875,309.54375,125.413,8308,31.223485,142192.7802,20.76716521,19.67793803,16151.45,5.270478707,4.792621712,12.37002437,12.53137468,5.156209167,4.749257856,310.375,314.625,308.56875,309.54375,125.413,-2.267345488988881,2011,10,October,Monday,3,40,4,-2.0048938353461274,-0.2678211840515542,2011-10
2011-11-14,350.625,353.75,349.63125,351.05625,68.208,3921,19.1804863,161262.0646,23.55222208,22.31692009,17118.74,5.977295586,5.435353826,14.22700015,14.43506684,5.847701511,5.386174501,350.625,353.75,349.63125,351.05625,68.208,1.183527885862512,2011,11,November,Monday,14,46,4,1.0592304366623466,0.12299465240641064,2011-11
2011-12-05,336.86875,339.125,334.375,337.50625,56.677,4043,15.2791094,155037.7032,22.64315805,21.455536,16805.33,5.746585108,5.225561109,13.62086894,13.81368705,5.62199308,5.178279999,336.86875,339.125,334.375,337.50625,56.677,0.12051320083061867,2011,12,December,Monday,5,49,4,-0.0685998220112861,0.1892428430954327,2011-12
2012-01-02,345.4875,351.7125,342.75,350.60625,127.826,7122,35.6355276,161059.849,21.64491991,20.60115746,15517.92,5.51308431,5.026662661,13.07184383,13.24592689,5.415778911,5.012443951,345.4875,351.7125,342.75,350.60625,127.826,1.4393953093072342,2012,1,January,Monday,2,1,1,-0.041590567982499084,1.481602084011716,2012-01
2012-02-06,350.275,351.125,344.4,347.0375,75.438,5170,20.9953957,159420.4535,21.42460065,20.39146245,17707.31,5.456967741,4.97549728,12.92495775,13.09553742,5.360652794,4.961423299,350.275,351.125,344.4,347.0375,75.438,-0.1312973254914529,2012,2,February,Monday,6,6,1,0.8003741074479758,-0.924273784883293,2012-02
2012-03-05,356.5,358.18125,349.5,351.16875,40.735,2892,11.4950812,161318.2476,21.67964623,20.63420921,17362.87,5.521929303,5.034727257,13.09499576,13.26963101,5.424467791,5.020485735,356.5,358.18125,349.5,351.16875,40.735,-1.75036720990418,2012,3,March,Monday,5,10,1,-0.2587955515143069,-1.4954417952314198,2012-03
2012-04-02,358.125,360.9625,355.375,356.71875,33.63,2885,9.6057831,163870.8865,19.34721211,19.66765321,17478.15,5.506948054,5.229958353,12.13537559,11.34351093,5.24319724,4.857736602,358.125,360.9625,355.375,356.71875,33.63,-0.39093177891410535,2012,4,April,Monday,2,14,2,0.0017452311558729435,-0.3926701570680628,2012-04
2012-05-07,300.375,305.65,296.0,303.825,95.001,7022,22.8943391,139572.344,16.47843495,16.7513615,16912.71,4.690385612,4.454467551,10.09210764,9.419788144,4.465743394,4.137438313,300.375,305.65,296.0,303.825,95.001,-0.43217336091596614,2012,5,May,Monday,7,19,2,-1.5627880302316568,1.1485642946317065,2012-05
2012-06-04,296.25,299.75,293.125,298.54375,62.748,3684,14.872858,137146.2223,16.19199791,16.4601803,15988.4,4.608854799,4.377037594,9.88809471,9.227711368,4.388117434,4.065519129,296.25,299.75,293.125,298.54375,62.748,0.023033754920831484,2012,6,June,Monday,4,23,2,-0.7454560683474404,0.7742616033755235,2012-06
2012-07-02,312.125,314.875,311.38125,312.6375,47.298,2988,11.8287784,143620.7781,15.92248094,16.16804887,17398.98,4.493609722,4.271616379,9.370375989,9.876356916,4.318382888,4.004482869,312.125,314.875,311.38125,312.6375,47.298,-0.057940900281727714,2012,7,July,Monday,2,27,3,-0.22177379073345913,0.16419703644372882,2012-07
2012-08-06,277.0,279.125,275.9375,276.69375,35.299,2214,7.8314031,127108.9364,14.09189983,14.30923522,17412.96,3.976986852,3.780515719,8.123258038,8.550849838,3.8219056,3.544094143,277.0,279.125,275.9375,276.69375,35.299,0.19236862354592432,2012,8,August,Monday,6,32,3,0.30326347711944135,-0.1105595667869954,2012-08
2012-09-03,296.375,299.95625,295.4125,296.19375,52.555,2609,12.496133,136066.9424,15.08502687,15.31767898,17384.4,4.257265115,4.046947673,8.799844591,9.269964067,4.091254507,3.79386428,296.375,299.95625,295.4125,296.19375,52.555,-0.15590435057409868,2012,9,September,Monday,3,36,3,-0.09480669967344359,-0.0611556305356313,2012-09
2012-10-01,318.5125,327.5,318.5125,326.1375,71.517,5143,18.5532572,149822.9875,15.70471567,16.03070699,18823.91,4.498902907,4.159771886,9.322025725,9.871065344,4.290832187,3.982112149,318.5125,327.5,318.5125,326.1375,71.517,2.963693764798725,2012,10,October,Monday,1,40,4,0.556432517758481,2.393940583179624,2012-10
2012-11-05,297.525,299.25,296.25,297.3375,46.416,2435,11.0286382,136592.6719,14.31789014,14.61509436,18762.87,4.101621381,3.79243777,8.375244878,8.860500453,3.911924619,3.630466509,297.525,299.25,296.25,297.3375,46.416,-0.4373940522780173,2012,11,November,Monday,5,45,4,-0.37461021702280195,-0.06301991429291658,2012-11
2012-12-03,305.25,306.625,302.91875,304.5,40.448,2551,9.8559816,139883.0238,14.66279076,14.96715427,19305.32,4.200424469,3.883792999,8.610707303,9.111825836,4.006158142,3.717920047,305.25,306.625,302.91875,304.5,40.448,-0.02462447672986201,2012,12,December,Monday,3,49,4,0.22162029056882918,-0.2457002457002457,2012-12
2013-01-07,293.5,297.5,292.0875,296.8375,78.371,3976,18.5474812,136363.8623,14.24909742,14.59529726,19691.42,3.833986831,3.55242648,8.386477767,8.939299077,3.828402323,3.519067415,293.5,297.5,292.0875,296.8375,78.371,1.1242175190563142,2013,1,January,Monday,7,2,1,-0.01277519908019341,1.1371379897785272,2013-01
2013-02-04,347.125,348.0625,343.3125,345.29375,51.769,2754,14.3006217,158624.1273,16.57514392,16.977858,19751.19,4.459853254,4.13233052,9.984716206,10.65810573,4.453357122,4.093525866,347.125,348.0625,343.3125,345.29375,51.769,-0.3103628719392182,2013,2,February,Monday,4,6,1,0.21833667153864858,-0.527547713359744,2013-02
2013-03-04,364.5,367.625,359.15,362.875,97.451,4993,28.256084,166700.759,17.41909707,17.84231606,18877.96,4.686934674,4.342735533,10.56460073,11.2817357,4.680107779,4.301955071,364.5,367.625,359.15,362.875,97.451,-0.18738503326513056,2013,3,March,Monday,4,10,1,0.2595884405783212,-0.4458161865569273,2013-03
2013-04-01,362.89375,369.2,362.89375,367.90625,80.357,4070,23.615051,169012.0596,18.54015572,17.92470671,18864.75,4.687082451,4.448257252,11.23033776,10.5862087,4.597091243,4.188443189,362.89375,369.2,362.89375,367.90625,80.357,1.846084639606893,2013,4,April,Monday,1,14,2,0.45849337347313057,1.3812582884108608,2013-04
2013-05-06,289.375,293.125,289.375,292.675,58.534,4691,13.6828034,134451.6559,14.74897498,14.25937596,19673.64,3.728645154,3.538656088,8.618654569,8.100385234,3.657055784,3.331970061,289.375,293.125,289.375,292.675,58.534,1.455932056504028,2013,5,May,Monday,6,19,2,0.3119854406794271,1.1403887688984922,2013-05
2013-06-03,315.6,328.1125,309.54375,314.24375,490.235,37212,124.7942165,144360.101,15.83590401,15.31022388,19610.48,4.003428498,3.799438145,9.367422425,8.81306919,3.926563333,3.577520345,315.6,328.1125,309.54375,314.24375,490.235,4.417262003655087,2013,6,June,Monday,3,23,2,4.867918258846996,-0.4297370088720043,2013-06
2013-07-01,307.5,310.0,305.0375,305.94375,33.193,3735,8.1569128,140547.1728,15.34022842,14.78510128,19577.39,3.668765554,3.481551728,8.980877023,9.231350918,3.716704292,3.346122249,307.5,310.0,305.0375,305.94375,33.193,-1.8329489621979222,2013,7,July,Monday,1,27,3,-1.333600721949263,-0.5060975609756024,2013-07
2013-08-05,375.0,378.125,374.625,375.93125,159.58,7345,48.0726966,172698.6557,18.84944944,18.16733176,19182.26,4.508030056,4.277989313,11.38418715,11.73146623,4.566935231,4.111579072,375.0,378.125,374.625,375.93125,159.58,0.02494429108323981,2013,8,August,Monday,5,32,3,-0.22283566701033755,0.24833333333332727,2013-08
2013-09-02,383.25,390.5,383.25,384.66875,60.712,4721,18.7719229,176712.5665,19.28755365,18.58958201,18886.13,4.612806961,4.377419546,11.68422534,12.04358993,4.673081226,4.20714155,383.25,390.5,383.25,384.66875,60.712,-0.7402509434570881,2013,9,September,Monday,2,36,3,-1.1063445473018798,0.3701891715590316,2013-09
2013-10-07,377.0,380.55625,376.125,377.44375,135.803,5764,40.9904764,173393.4815,18.95839509,18.16779982,19895.1,4.41237144,4.013727027,11.44553613,11.7453101,4.316706869,3.843792541,377.0,380.55625,376.125,377.44375,135.803,0.13596643950324339,2013,10,October,Monday,7,41,4,0.018239400421170372,0.11770557029178322,2013-10
2013-11-11,418.625,424.3875,418.4875,420.3875,85.676,4692,28.8597046,193121.365,21.11539088,20.23484545,20490.96,4.914390022,4.470389748,12.92140084,13.27412934,4.807841192,4.281120926,418.625,424.3875,418.4875,420.3875,85.676,0.16679076693968398,2013,11,November,Monday,11,46,4,-0.25316455696202533,0.42102120035831314,2013-11
2013-12-02,419.25,421.7375,416.05,417.30625,54.607,2954,18.294489,191705.8728,20.96062463,20.0865332,20898.01,4.878369768,4.437623816,12.81550631,13.16443528,4.772601893,4.249742249,419.25,421.7375,416.05,417.30625,54.607,-0.44878485164753235,2013,12,December,Monday,2,49,4,0.01490979573579842,-0.46362552176506205,2013-12
2014-01-06,447.5,447.625,433.75,439.275,73.512,6577,25.9284029,201798.0735,20.98565656,20.07941029,20787.3,4.801044598,4.37976248,12.78795019,13.12279958,4.770188953,4.229503552,447.5,447.625,433.75,439.275,73.512,-1.437406218008952,2014,1,January,Monday,6,2,1,0.4080831311615696,-1.8379888268156477,2014-01
2014-02-03,460.625,461.5625,452.9375,453.5875,39.503,2637,14.4231157,208373.0776,21.66941322,20.73363956,20209.26,4.957472691,4.52246432,13.25146828,13.60223695,4.925611705,4.36730964,460.625,461.5625,452.9375,453.5875,39.503,-1.9124464447417888,2014,2,February,Monday,3,6,1,-0.39059860249496053,-1.5278154681139804,2014-02
2014-03-03,477.875,480.9,472.5125,474.13125,25.946,2310,9.8936125,217810.6489,22.65085784,21.67270139,20946.65,5.182005068,4.727294427,13.91678879,14.29040754,5.148701044,4.565112528,477.875,480.9,472.5125,474.13125,25.946,-0.7106957750902976,2014,3,March,Monday,3,10,1,0.07329459190618769,-0.7834161653151928,2014-03
2014-04-07,413.75,415.0,399.5,411.40625,23.585,3563,7.7394588,188995.4781,18.53987425,17.73606214,22343.45,4.489937708,4.244121555,10.91372547,10.15606566,4.262318805,3.769881677,413.75,415.0,399.5,411.40625,23.585,-0.7314130598703117,2014,4,April,Monday,7,15,2,-0.1658874981149148,-0.5664652567975831,2014-04
2014-05-05,398.75,403.93125,396.3875,397.01875,25.849,4421,8.2448913,182386.0199,17.89150676,17.11580517,22445.12,4.332917783,4.095698193,10.47627374,9.744364013,4.113259057,3.638043202,398.75,403.93125,396.3875,397.01875,25.849,-1.3556742654823317,2014,5,May,Monday,5,19,2,-0.9255233244300944,-0.43416927899686236,2014-05
2014-06-02,368.75,375.0,368.75,374.1875,97.615,11586,29.1724811,171897.5963,16.86262471,16.13153118,24684.85,4.08374585,3.860167983,9.7820899,9.0910425,3.87671898,3.428831235,368.75,375.0,368.75,374.1875,97.615,1.7678055413904437,2014,6,June,Monday,2,23,2,0.28896821349651536,1.4745762711864407,2014-06
2014-07-07,406.94375,419.875,406.94375,417.96875,98.201,14915,32.6918172,192010.218,18.0054593,17.20521667,26100.08,4.284687748,4.049386082,10.65149822,10.70734528,4.201444564,3.71853393,406.94375,419.875,406.94375,417.96875,98.201,3.229242239476404,2014,7,July,Monday,7,28,3,0.5063056666100703,2.7092196403065474,2014-07
2014-08-04,418.875,435.25,418.875,432.825,126.08,16729,43.2345571,198835.0148,18.645444,17.8167576,25723.16,4.436982369,4.193317158,11.08443383,11.14739924,4.350780395,3.850705222,418.875,435.25,418.875,432.825,126.08,3.6597961291481518,2014,8,August,Monday,4,32,3,0.3188288652386753,3.3303491495076067,2014-08
2014-09-01,450.65625,451.93125,448.14375,450.425,17.033,2588,6.1350649,206920.2601,19.40362529,18.54124194,26867.55,4.617403763,4.363830372,11.59732682,11.66872526,4.527696551,4.007286778,450.65625,451.93125,448.14375,450.425,17.033,0.2615470228158001,2014,9,September,Monday,1,36,3,0.31302170283806346,-0.051314055890712404,2014-09
2014-10-13,487.25,498.25,486.25,492.93125,173.565,23677,68.5727393,226447.1609,19.34949679,19.1110778,26384.07,4.909517413,4.476733928,12.10282678,12.13516287,4.91400462,4.353664678,487.25,498.25,486.25,492.93125,173.565,1.4014065493256567,2014,10,October,Monday,13,42,4,0.23271062883298016,1.1659825551564857,2014-10
2014-11-03,509.375,513.55625,504.35,510.5625,62.723,9882,25.5459424,234546.762,20.04159293,19.79464613,27860.38,5.085121879,4.636858519,12.58728166,12.62539414,5.089769585,4.509387307,509.375,513.55625,504.35,510.5625,62.723,0.8157573214528258,2014,11,November,Monday,3,45,4,0.5812733712621452,0.2331288343558282,2014-11
2014-12-01,548.5,550.125,536.5125,543.84375,239.742,12700,104.4599995,249835.7999,21.34801332,21.08496919,28559.62,5.416597873,4.939114262,13.50175249,13.55076867,5.421548542,4.80333378,548.5,550.125,536.5125,543.84375,239.742,-0.19498766989733962,2014,12,December,Monday,1,49,4,0.6595171187704307,-0.8489061075660893,2014-12
2015-01-05,503.675,507.4125,494.4125,499.15,82.374,8886,16.5255112,229303.9858,19.07211061,18.75850669,27842.32,4.635565662,4.236936164,12.01147189,11.91923016,4.905947493,4.344277245,503.675,507.4125,494.4125,499.15,82.374,-0.836872035560865,2015,1,January,Monday,5,2,1,0.062082495219647864,-0.8983967836402509,2015-01
2015-02-02,535.0,537.8,531.9125,533.5875,64.483,6786,13.8069368,245124.1922,20.38793913,20.05269897,29122.27,4.955383938,4.529252079,12.93749662,12.84650326,5.24442003,4.643998867,535.0,537.8,531.9125,533.5875,64.483,-0.3920196009800536,2015,2,February,Monday,2,6,1,-0.12833975032084938,-0.2640186915887893,2015-02
2015-03-02,575.0,577.0,569.6,572.8625,38.621,7328,8.8440023,263166.6925,21.88860455,21.52868885,29459.14,5.320127685,4.862630158,13.99360176,13.90403215,5.630438436,4.985822945,575.0,577.0,569.6,572.8625,38.621,-0.14815783166656216,2015,3,March,Monday,2,10,1,0.22441553914199583,-0.3717391304347905,2015-03
2015-04-06,544.5,546.25,540.5,544.3,58.059,6408,12.6083239,250045.3961,20.55618186,20.21058811,28504.46,5.202100603,4.928339487,12.84586561,11.99576236,5.286372011,4.68961151,544.5,546.25,540.5,544.3,58.059,0.2278743238577352,2015,4,April,Monday,6,15,2,0.26470249741051904,-0.036730945821863266,2015-04
2015-05-04,490.25,499.75,487.5,498.575,104.05,16047,20.5353184,229039.8372,18.82931907,18.51275761,27490.59,4.765087834,4.514324563,11.63216255,10.84873244,4.842279856,4.295651403,490.25,499.75,487.5,498.575,104.05,2.6719522240527205,2015,5,May,Monday,4,19,2,0.9575782537067498,1.6981132075471674,2015-05
2015-06-01,507.5,515.75,505.825,511.425,79.075,5558,16.186693,234942.985,19.31461567,18.98989532,27848.99,4.887900608,4.630674301,11.97324695,11.17107983,4.967082134,4.406365179,507.5,515.75,505.825,511.425,79.075,1.1520965189873333,2015,6,June,Monday,1,23,2,0.37579113924050184,0.7733990147783274,2015-06
2015-07-06,490.0,494.125,487.75,491.75,137.5,5563,13.4908203,225904.5077,18.31410683,18.11438599,28208.76,4.383305923,4.157205449,11.28987739,11.02551495,4.636887204,4.114611364,490.0,494.125,487.75,491.75,137.5,-0.6515480579827315,2015,7,July,Monday,6,28,3,-1.0051012677407996,0.35714285714285715,2015-07
2015-08-03,540.0,545.75,534.5,539.525,126.86,4868,13.7108174,247851.814,20.0933777,19.87425339,28187.06,4.809157352,4.561090534,12.54015119,12.2630287,5.087374822,4.514358304,540.0,545.75,534.5,539.525,126.86,0.09276007606326964,2015,8,August,Monday,3,32,3,0.18088214832336585,-0.08796296296296717,2015-08
2015-09-07,540.5,542.0,527.5,529.8,114.695,5734,12.2220554,243384.2566,19.73119227,19.51601769,24893.81,4.722471739,4.478876354,12.28564752,12.01112245,4.995674308,4.432986478,540.5,542.0,527.5,529.8,114.695,-1.3224064071521768,2015,9,September,Monday,7,37,3,0.6705159247532172,-1.9796484736355309,2015-09
2015-10-05,588.025,594.45,581.275,590.25,149.537,7897,17.5909584,271154.3176,22.19301994,21.22871037,26785.55,4.97426149,4.728104838,13.55489268,13.00217709,5.382074941,4.740791622,588.025,594.45,581.275,590.25,149.537,0.6179416151715245,2015,10,October,Monday,5,41,4,0.23865331344555332,0.37838527273500666,2015-10
2015-11-02,565.0,567.5,557.15,565.775,80.325,4377,9.0298909,259910.7735,21.2727757,20.34845169,26559.15,4.768001346,4.532051698,12.92882529,12.3950415,5.158904616,4.544212418,565.0,567.5,557.15,565.775,80.325,-0.39610932617402117,2015,11,November,Monday,2,45,4,-0.5325469829672951,0.13716814159291632,2015-11
2015-12-07,526.0,529.275,520.125,522.925,89.772,4081,9.4169092,240225.9577,19.66164329,18.80732464,25530.11,4.406888081,4.188808509,11.83272775,11.33208908,4.76818558,4.200048215,526.0,529.275,520.125,522.925,89.772,-0.18610421836228186,2015,12,December,Monday,7,50,4,0.4008398549341521,-0.5846007604562824,2015-12
2016-01-04,551.575,551.575,538.75,540.3,86.761,4826,9.4388252,248207.8404,20.13693334,19.11055131,25623.35,4.302107817,4.081394294,12.1775014,11.39334939,4.796194091,4.185488523,551.575,551.575,538.75,540.3,86.761,-2.0441463082989775,2016,1,January,Monday,4,1,1,0.0,-2.0441463082989784,2016-01
2016-02-01,585.0,589.925,581.5,585.65,81.396,5095,9.5326354,269041.1285,21.82712384,20.71459259,24824.83,4.663204595,4.423965516,13.32813037,12.48295651,5.198761927,4.536796879,585.0,589.925,581.5,585.65,81.396,0.5537193630081205,2016,2,February,Monday,1,5,1,0.4421170107739273,0.11111111111110723,2016-02
2016-03-14,575.0,577.25,569.0,570.475,74.87,4617,8.5688862,262069.9014,21.26155293,20.17784889,24804.28,4.542374526,4.309334463,12.94310734,12.11835259,5.064054829,4.419242208,575.0,577.25,569.0,570.475,74.87,-0.13566739606126754,2016,3,March,Monday,14,11,1,0.6564551422319475,-0.7869565217391264,2016-03
2016-04-04,606.0,624.95,606.0,621.775,119.168,8404,14.711952,285636.5537,22.50347071,21.17551736,25399.65,4.676933254,4.626407005,13.70347602,12.52052043,5.291231567,4.57450319,606.0,624.95,606.0,621.775,119.168,3.12214943195952,2016,4,April,Monday,4,14,2,0.5058462559084426,2.6031353135313493,2016-04
2016-05-02,607.0,607.0,598.15,600.325,116.483,6201,13.9936454,275782.6611,21.72714576,20.44500416,25436.97,4.515588365,4.466805171,13.17695224,12.03275226,5.108694609,4.416691935,607.0,607.0,598.15,600.325,116.483,-0.8423834496428029,2016,5,May,Monday,2,18,2,0.26014783003675856,-1.0996705107083944,2016-05
2016-06-06,635.0,638.625,630.025,633.55,49.192,3135,6.2439759,291045.8584,22.9296351,21.57653335,26777.45,4.7655037,4.714020599,13.9925118,12.78828128,5.391435422,4.661133844,635.0,638.625,630.025,633.55,49.192,0.051324568676203164,2016,6,June,Monday,6,23,2,0.2803111058470492,-0.22834645669292056,2016-06
2016-07-04,588.0,597.4,588.0,592.125,159.245,5680,18.8900062,272015.6718,20.9532947,19.57510592,27278.76,4.23347816,4.173397475,12.61373737,11.45887823,4.886655382,4.193307617,588.0,597.4,588.0,592.125,159.245,1.0366009726132663,2016,7,July,Monday,4,27,3,0.3327361146659919,0.701530612244898,2016-07
2016-08-01,537.0,543.75,534.5,542.5,291.579,11537,31.4504229,249218.496,19.19723433,17.93454923,28003.12,3.878677478,3.823632054,11.42959153,10.36732085,4.477113016,3.841873561,537.0,543.75,534.5,542.5,291.579,1.028911960519574,2016,8,August,Monday,1,31,3,0.004655710228591138,1.0242085661080074,2016-08
2016-09-12,514.0,528.6,513.0,527.0,300.737,8144,31.6695482,242097.9676,18.64874192,17.42213353,28353.54,3.767858122,3.714385424,11.05973237,10.02638102,4.349195501,3.732105745,514.0,528.6,513.0,527.0,300.737,1.737451737451745,2016,9,September,Monday,12,37,3,-0.7722007722007722,2.529182879377432,2016-09
2016-10-03,519.05,520.4,513.25,518.925,91.512,3873,9.463527,238388.402,18.04605617,16.90218392,28243.29,3.737639331,3.677160917,10.68282281,9.686889044,4.172005634,3.582417678,519.05,520.4,513.25,518.925,91.512,-0.0240824583373489,2016,10,October,Monday,3,40,4,0.0,-0.02408245833734708,2016-10
2016-11-07,491.125,495.0,487.8,489.375,106.708,4997,10.4689249,224813.459,17.0184299,15.93969505,27458.99,3.524800786,3.467766294,9.989657832,9.047586841,3.934432254,3.378418174,491.125,495.0,487.8,489.375,106.708,0.8189122373300384,2016,11,November,Monday,7,45,4,1.179439637412448,-0.3563247645711377,2016-11
2016-12-05,482.5,484.1,478.95,480.7,85.878,3095,8.265366,220828.26,16.71674943,15.65713698,26349.1,3.462317727,3.406294268,9.786165237,8.859906753,3.864687784,3.318529995,482.5,484.1,478.95,480.7,85.878,-0.28005393631366227,2016,12,December,Monday,5,49,4,0.09335131210455111,-0.37305699481865523,2016-12
2017-01-02,506.0,506.55,500.0,500.8,74.583,3017,7.4986632,230061.9775,16.85929778,16.03554594,26595.45,3.414422369,3.356732744,9.955693208,9.098934007,3.93086913,3.387498749,506.0,506.55,500.0,500.8,74.583,-0.9003660829128401,2017,1,January,Monday,2,1,1,0.12862372613040016,-1.027667984189721,2017-01
2017-02-06,469.5,470.825,465.5,467.225,206.625,5051,19.3334579,214637.9941,15.72900441,14.96047913,28439.28,3.185510167,3.131688211,9.191297162,8.387856444,3.667332925,3.16039158,469.5,470.825,465.5,467.225,206.625,-0.05347879565752445,2017,2,February,Monday,6,6,1,0.43317824482592165,-0.4845580404685788,2017-02
2017-03-06,509.9,517.95,509.0,516.925,155.04,5552,15.9560921,237469.6241,17.40214159,16.55186618,29048.19,3.524361588,3.464814444,10.32280821,9.440441846,4.05743715,3.496571068,509.9,517.95,509.0,516.925,155.04,0.2618435727100632,2017,3,March,Monday,6,10,1,-1.1007127963923906,1.3777211217885816,2017-03
2017-04-03,513.55,515.25,503.275,504.725,157.467,5491,15.9251365,231865.0791,16.77993046,16.15446799,29910.22,3.414929469,3.366878994,10.49445356,9.649514808,3.910760497,3.385682482,513.55,515.25,503.275,504.725,157.467,-1.1118730407523425,2017,4,April,Monday,3,14,2,0.6171630094043843,-1.7184305325674096,2017-04
2017-05-08,468.0,474.225,466.375,472.725,153.766,5485,14.4677197,217164.6333,15.71606841,15.1302608,29926.15,3.198419997,3.153415964,9.76918611,8.971575044,3.662814911,3.171027295,468.0,474.225,466.375,472.725,153.766,1.497584541062813,2017,5,May,Monday,8,19,2,0.4830917874396135,1.0096153846153895,2017-05
2017-06-05,484.5,484.875,479.125,480.1,220.316,3295,21.1913672,220552.6266,15.96125537,15.36630855,31309.49,3.248318664,3.202612522,9.936337591,9.127818974,3.71995862,3.220498608,484.5,484.875,479.125,480.1,220.316,-0.9541492598896251,2017,6,June,Monday,5,23,2,-0.04641807210274335,-0.9081527347781171,2017-06
2017-07-03,467.5,477.0,467.5,475.7,120.175,3952,11.3577644,218531.3153,15.55161652,15.17578579,31221.62,3.244399651,3.189378103,9.702107802,8.962272535,3.651927061,3.177204683,467.5,477.0,467.5,475.7,120.175,1.6833217549297341,2017,7,July,Monday,3,27,3,-0.0694704216320181,1.7540106951871632,2017-07
2017-08-07,491.0,491.825,483.0,484.075,104.979,2941,10.2060643,222378.6976,15.82541259,15.44296511,32273.67,3.301519363,3.245529126,9.889328353,9.138281607,3.716221552,3.233141386,491.0,491.825,483.0,484.075,104.979,-1.7455726391637505,2017,8,August,Monday,7,32,3,-0.3399807175115464,-1.4103869653767844,2017-08
2017-09-04,460.625,460.875,446.8,450.65,587.084,13607,53.1129366,207025.7498,14.73283161,14.37678818,31702.25,3.073583078,3.021458405,9.142226268,8.435918835,3.45965491,3.00992643,460.625,460.875,446.8,450.65,587.084,-2.04325616780785,2017,9,September,Monday,4,36,3,0.12498641452015839,-2.1655359565807375,2017-09
2017-10-09,461.0,464.3,457.15,461.825,120.446,2974,11.1233579,212161.7831,14.98854637,14.61176817,31846.89,2.989704236,2.931458821,9.35714713,8.634589488,3.524534418,3.073131809,461.0,464.3,457.15,461.825,120.446,0.4567948229919905,2017,10,October,Monday,9,41,4,0.2773397139594273,0.17895878524945524,2017-10
2017-11-06,462.5,467.425,461.175,464.3,122.239,2092,11.3487746,213298.7948,15.06887258,14.69007516,33731.19,3.005726578,2.947169015,9.412269906,8.68638747,3.543423007,3.089601254,462.5,467.425,461.175,464.3,122.239,0.21043543948633392,2017,11,November,Monday,6,45,4,-0.1780607564884236,0.38918918918919165,2017-11
2017-12-04,491.5,498.475,484.825,492.65,405.001,10122,39.9310268,226322.7466,15.98889061,15.58696602,32869.72,3.189239089,3.127106331,10.04361985,9.279656808,3.759763881,3.278234401,491.5,498.475,484.825,492.65,405.001,2.7960354720917957,2017,12,December,Monday,4,49,4,2.556077203964528,0.23397761953204013,2017-12
2018-01-01,520.0,521.825,515.9,517.275,109.339,2943,11.350513,225940.5254,13.64375154,14.1735478,33812.75,2.937650811,2.91735766,9.53773006,9.181932232,3.711365771,3.248185359,520.0,521.825,515.9,517.275,109.339,-0.4570383912248621,2018,1,January,Monday,1,1,1,0.06735302607524733,-0.5240384615384659,2018-01
2018-02-05,569.0,577.5,567.5,569.15,262.998,5888,30.0589738,248615.2035,15.01299538,15.59596032,34757.16,3.232461185,3.210131518,10.58356181,10.20594335,4.083826727,3.574162991,569.0,577.5,567.5,569.15,262.998,-0.29780152404310645,2018,2,February,Monday,5,6,1,-0.3240781291057235,0.02636203866431938,2018-02
2018-03-05,580.0,585.05,572.025,576.55,764.295,3766,88.6671306,251850.215,15.20833799,15.79888822,33746.78,3.274520126,3.251899922,10.73276496,10.35203347,4.136963715,3.620668455,580.0,585.05,572.025,576.55,764.295,-0.6162464985994487,2018,3,March,Monday,5,10,1,-0.021547080370609782,-0.5948275862069043,2018-03
2018-04-02,567.75,574.475,561.0,568.75,72.812,2387,8.2637837,248442.9967,15.37870608,15.49959428,33255.36,3.920387123,3.834170991,10.86850238,10.29656804,4.010961992,3.522914789,567.75,574.475,561.0,568.75,72.812,0.2732722143864441,2018,4,April,Monday,2,14,2,0.09696755994357449,0.17613386173491855,2018-04
2018-05-07,588.55,595.1,588.4,591.675,92.096,3195,10.8883516,258458.6793,15.99868024,16.12444191,35208.14,4.078432433,3.988740618,11.33836927,10.74764364,4.172659132,3.664936889,588.55,595.1,588.4,591.675,92.096,0.8909540455281695,2018,5,May,Monday,7,19,2,0.35808679341800814,0.5309659332257243,2018-05
2018-06-04,610.0,621.675,606.375,619.8,88.79,2319,10.9596207,270744.3942,16.75917018,16.89090986,35011.89,4.27229885,4.178343576,11.91473045,11.30095452,4.371004572,3.839147985,610.0,621.675,606.375,619.8,88.79,1.5857406269206953,2018,6,June,Monday,4,23,2,-0.02048760499897562,1.606557377049173,2018-06
2018-07-02,656.95,670.9,656.95,667.225,120.951,4919,16.0288447,291460.8397,17.9437813,18.03929193,35264.41,4.358288788,4.260558829,12.82882681,12.20482723,4.552155179,4.016161049,656.95,670.9,656.95,667.225,120.951,2.1197627702314925,2018,7,July,Monday,2,27,3,0.5471589822077744,1.564045970012935,2018-07
2018-08-06,682.5,687.9,674.025,680.4,109.802,3356,14.9458822,297216.0397,18.29810009,18.39549667,37691.89,4.444347767,4.344688027,13.09761067,12.46340656,4.642042259,4.095464363,682.5,687.9,674.025,680.4,109.802,-0.241917747965692,2018,8,August,Monday,6,32,3,0.06597756762701348,-0.30769230769231104,2018-08
2018-09-03,729.0,733.5,715.0,716.725,628.171,7726,91.0180911,313092.9291,19.2755605,19.37815988,38312.52,4.681756723,4.576773391,13.8391056,13.1767502,4.890014043,4.314238675,729.0,733.5,715.0,716.725,628.171,-0.4548611111111045,2018,9,September,Monday,3,36,3,1.25,-1.6838134430726994,2018-09
2018-10-01,735.1,754.95,733.4,744.45,3761.334,11957,277.5003736,325204.2709,19.6581195,19.6604964,36526.14,5.167123973,4.991149168,14.13150696,13.4129599,4.856114427,4.300847342,735.1,754.95,733.4,744.45,3761.334,2.2806897025485995,2018,10,October,Monday,1,40,4,0.996084358040805,1.2719357910488398,2018-10
2018-11-05,663.0,666.9,657.05,662.75,372.745,6642,24.6729166,289515.5091,17.50073034,17.50284638,34950.92,4.600055629,4.443393258,12.4963155,11.84542261,4.323177966,3.828848917,663.0,666.9,657.05,662.75,372.745,0.10573219545351176,2018,11,November,Monday,5,45,4,0.14349369382977803,-0.037707390648567124,2018-11
2018-12-03,670.5,678.5,666.3,669.85,463.557,4096,31.0566423,292631.0205,17.68905782,17.69119664,36241.0,4.649549694,4.491201975,12.63905817,11.98225947,4.369700208,3.870051625,670.5,678.5,666.3,669.85,463.557,0.5026256564141018,2018,12,December,Monday,3,49,4,0.6001500375093773,-0.09694258016405329,2018-12
2019-01-07,666.95,682.8,662.35,671.15,675.873,7639,45.2615185,293201.8037,20.88331935,19.51686106,35850.16,4.41314269,4.263741128,13.2276679,12.04280885,4.179283364,3.701108352,666.95,682.8,662.35,671.15,675.873,1.5739689746500085,2019,1,January,Monday,7,2,1,0.9383276579644412,0.6297323637453979,2019-01
2019-02-04,755.0,762.0,747.85,755.65,329.744,5778,24.8597481,330117.2127,23.51262199,21.97704632,36582.74,4.968776786,4.800564915,14.99412445,13.66896668,4.705473697,4.167094329,755.0,762.0,747.85,755.65,329.744,-0.11896107329323335,2019,2,February,Monday,4,6,1,-0.20487740400501683,0.08609271523178506,2019-02
2019-03-11,713.0,718.2,709.2,711.65,1177.665,6921,83.8145188,310915.0062,22.14494346,20.69868892,37054.1,4.679743923,4.521317229,14.07527066,12.82309177,4.431766438,3.924703436,713.0,718.2,709.2,711.65,1177.665,-0.12630692582976666,2019,3,March,Monday,11,11,1,0.06315346291488955,-0.1893408134642388,2019-03
2019-04-01,742.9,759.6,742.9,755.65,1913.427,7897,142.6728524,329037.7003,22.38047207,21.36053625,38871.87,5.277744716,5.094300663,14.56316549,13.42485252,4.500768741,3.979893563,742.9,759.6,742.9,755.65,1913.427,1.7984642327899758,2019,4,April,Monday,1,14,2,0.08082985315910317,1.7162471395881007,2019-04
2019-05-06,718.5,721.95,711.1,717.85,1029.47,10268,74.0439974,311047.739,21.15683165,20.19953401,38600.34,5.103263227,4.922031655,13.73235259,12.64903791,4.25613993,3.76357571,718.5,721.95,711.1,717.85,1029.47,-0.8151986183074222,2019,5,May,Monday,6,19,2,-0.7253886010362695,-0.09046624913012906,2019-05
2019-06-03,734.0,750.7,729.95,744.65,246.396,9785,18.3130982,320814.9863,21.82117986,20.82673243,40267.62,5.395127471,5.198849895,14.18117561,13.06814967,4.388293683,3.880435274,734.0,750.7,729.95,744.65,246.396,1.0585600868562084,2019,6,June,Monday,3,23,2,-0.3867815701974653,1.4509536784741115,2019-06
2019-07-01,734.1,737.8,729.65,731.15,310.899,7382,22.8082431,313722.3863,21.24195181,20.12201823,39686.5,5.066628873,4.871665795,13.72227835,12.51188372,4.172839061,3.675673235,734.1,737.8,729.65,731.15,310.899,-0.1092970831341078,2019,7,July,Monday,1,27,3,0.2937359109228741,-0.40185260863643174,2019-07
2019-08-05,773.0,785.75,768.25,776.75,471.827,12258,36.7220775,331722.3072,22.4607155,21.2833707,36699.84,5.475134487,5.260067843,14.5555724,13.28205158,4.41367658,3.887816577,773.0,785.75,768.25,776.75,471.827,0.1741036884188807,2019,8,August,Monday,5,32,3,-0.3095176683002292,0.48512289780077616,2019-08
2019-09-09,838.05,840.0,827.3,829.2,118.172,2988,9.8217182,353107.5378,23.90869645,22.64816483,37145.45,5.91622385,5.680384304,15.53483997,14.18713474,4.696703171,4.137122445,838.05,840.0,827.3,829.2,118.172,-1.3033386895197174,2019,9,September,Monday,9,37,3,-0.24995536511337532,-1.0560229103275354,2019-09
2019-10-07,795.0,802.2,786.5,789.55,179.647,4680,14.2000708,336222.9335,22.84278372,21.69180216,37531.98,5.749837512,5.554722344,14.7225533,13.37281699,4.392142931,3.848221189,795.0,802.2,786.5,789.55,179.647,-0.4664355499527373,2019,10,October,Monday,7,41,4,0.22061140876142452,-0.6855345911949743,2019-10
2019-11-04,684.4,732.5,678.3,709.0,1849.592,36536,131.8253432,301921.4234,20.51235977,19.47880151,40301.96,5.163238296,4.988028803,13.14771697,11.92421232,3.944055903,3.455625132,684.4,732.5,678.3,709.0,1849.592,3.052325581395343,2019,11,November,Monday,4,45,4,-0.5232558139534916,3.5943892460549423,2019-11
2019-12-02,702.35,704.35,690.35,692.9,1921.228,7041,133.0462395,295068.4632,20.04677378,19.03667505,40802.17,5.046042087,4.874809597,12.83308678,11.63480144,3.854534405,3.377189951,702.35,704.35,690.35,692.9,1921.228,-0.4382498742725893,2019,12,December,Monday,2,49,4,0.9196062935555681,-1.34548302128569,2019-12
2020-01-06,745.1,753.95,736.7,738.65,191.481,5635,14.2419505,314564.1685,20.56781539,19.24175242,40676.63,5.028897518,4.839797351,13.34284554,11.994152,4.04344913,3.531928731,745.1,753.95,736.7,738.65,191.481,-0.9985256668006981,2020,1,January,Monday,6,2,1,-0.13403029084573115,-0.8656556166957516,2020-01
2020-02-03,780.55,790.0,764.5,767.2,119.026,5569,9.1958517,326724.5594,21.36292398,19.9855982,39872.31,5.223303066,5.026892763,13.88547788,12.48857733,4.199760391,3.668465686,780.55,790.0,764.5,767.2,119.026,-1.6725408522909269,2020,2,February,Monday,3,6,1,0.03844921499518802,-1.710332457882251,2020-02
2020-03-02,733.0,765.85,733.0,744.35,521.793,15489,39.1772743,317010.1375,20.72774536,19.39137127,38144.02,5.06799082,4.877421004,13.45199186,12.09360185,4.074889937,3.559392088,733.0,765.85,733.0,744.35,521.793,1.777534696109928,2020,3,March,Monday,2,10,1,0.22561017296779617,1.548431105047752,2020-03
2020-04-13,630.0,651.6,627.0,637.1,274.101,8213,17.568337,271340.4164,17.4574031,16.35171848,30690.02,4.380874796,4.164185847,11.33839527,10.07943424,3.432646607,2.988626806,630.0,651.6,627.0,637.1,274.101,-0.07841907151819871,2020,4,April,Monday,13,16,2,-1.1919698870765405,1.1269841269841308,2020-04
2020-05-04,694.55,700.95,670.45,673.75,202.813,7697,13.9265586,286949.6241,18.46166275,17.29237219,31715.35,4.632890274,4.403736013,12.02496697,10.7020592,3.630114035,3.160551422,694.55,700.95,670.45,673.75,202.813,-5.927115330913157,2020,5,May,Monday,4,19,2,-3.0228986316671445,-2.9947447987905775,2020-05
2020-06-01,696.55,706.65,692.0,699.5,352.265,10299,24.6886543,297924.5962,19.1677666,17.95375414,33303.52,4.810080109,4.572161809,12.50770161,11.13983232,3.768955131,3.28143314,696.55,706.65,692.0,699.5,352.265,1.1788529688290916,2020,6,June,Monday,1,23,2,0.7521515874737733,0.42351589979183774,2020-06
2020-07-06,765.0,774.9,762.0,763.75,441.476,8123,33.8895079,325303.7613,20.35438376,19.1018063,36487.28,4.932907177,4.685170013,13.36112469,11.89552586,4.054033564,3.510990052,765.0,774.9,762.0,763.75,441.476,0.15079989509572123,2020,7,July,Monday,6,28,3,0.3147128245475973,-0.16339869281045752,2020-07
2020-08-03,962.8,965.0,947.75,957.35,292.771,11367,27.9911161,407763.7392,25.51393688,23.94384846,36939.6,6.183330522,5.872795433,16.8953257,15.09425266,5.081674674,4.400977186,962.8,965.0,947.75,957.35,292.771,-0.9210866752910718,2020,8,August,Monday,3,32,3,-0.357050452781376,-0.5660573327793863,2020-08
2020-09-07,919.25,927.5,913.7,924.65,177.849,7758,16.3838689,393844.9794,24.64303463,23.12654019,38417.23,5.972261931,5.672327202,16.29877333,14.55432637,4.908214892,4.250752586,919.25,927.5,913.7,924.65,177.849,0.5874354093010625,2020,9,September,Monday,7,37,3,0.0,0.5874354093010582,2020-09
2020-10-05,1019.45,1054.6,1019.0,1048.2,784.2,22624,81.850376,446471.5631,26.8151089,25.00400779,38973.7,6.67933587,6.287737995,17.71243252,15.74787658,5.469990482,4.719871906,1019.45,1054.6,1019.0,1048.2,784.2,2.9969539156922576,2020,10,October,Monday,5,41,4,0.17195637221185026,2.82014811908382,2020-10
2020-11-02,1070.0,1079.95,1051.0,1072.0,562.312,16384,59.9691993,456608.9636,27.42396178,25.57173855,39757.58,6.830994136,6.430504799,18.1272028,16.12102785,5.594189846,4.827039385,1070.0,1079.95,1051.0,1072.0,562.312,1.0748632849330697,2020,11,November,Monday,2,45,4,0.886290778804459,0.1869158878504673,2020-11
2020-12-07,1144.0,1151.4,1136.15,1144.05,521.44,16584,59.5212245,487311.6021,29.26796409,27.29119635,45426.97,7.290307477,6.862889753,19.38339684,17.25117245,5.970346256,5.151612175,1144.0,1151.4,1136.15,1144.05,521.44,0.8284493015467298,2020,12,December,Monday,7,50,4,0.824042656325731,0.004370629370625396,2020-12
2021-01-04,1271.75,1290.35,1261.5,1288.55,329.658,11987,42.1354156,548869.1902,31.08507619,29.51544366,48176.8,7.630941967,7.200948207,20.60538089,18.56188308,6.565342403,5.633529957,1271.75,1290.35,1261.5,1288.55,329.658,2.233417962551565,2021,1,January,Monday,4,1,1,0.9005077753094183,1.3210143503046947,2021-01
2021-02-01,1246.0,1277.65,1240.55,1261.45,387.051,21290,48.5984529,537325.9215,30.43132591,28.89470432,48600.61,7.470455527,7.049504976,20.16105014,18.15777775,6.427266678,5.515051181,1246.0,1277.65,1240.55,1261.45,387.051,1.7585608841205191,2021,2,February,Monday,1,5,1,0.5122413584479416,1.2399678972712718,2021-02
2021-03-01,1268.0,1284.55,1259.7,1268.7,174.197,5699,22.1694312,540451.9903,30.60837007,29.06280869,49849.84,7.513901749,7.090503888,20.28138074,18.26721478,6.464659398,5.54713679,1268.0,1284.55,1259.7,1268.7,174.197,1.3055455743202993,2021,3,March,Monday,1,9,1,1.2496506567652885,0.05520504731861557,2021-03
2021-04-05,1389.8,1425.0,1385.0,1410.15,659.688,27287,92.8027269,600817.0892,33.28995397,31.0483742,49159.32,8.443265073,7.907014234,21.66116064,19.14599831,6.993401262,5.979945549,1389.8,1425.0,1385.0,1410.15,659.688,1.7938352703385618,2021,4,April,Monday,5,14,2,0.3248393849707645,1.4642394589149617,2021-04
2021-05-03,1342.0,1361.0,1337.65,1351.8,92.652,4607,12.499133,575973.1987,31.91340862,29.76451856,48718.52,8.094127423,7.580051531,20.73841921,18.32034559,6.704222911,5.732673767,1342.0,1361.0,1337.65,1351.8,92.652,-0.15510746731665082,2021,5,May,Monday,3,18,2,-0.8789423147943046,0.7302533532041694,2021-05
2021-06-07,1388.0,1392.4,1377.5,1389.6,231.201,7447,32.0330561,592146.3242,32.80952594,30.59930609,52328.51,8.321118261,7.792626887,21.33840336,18.8572008,6.892252213,5.893454616,1388.0,1392.4,1377.5,1389.6,231.201,0.3176436615651035,2021,6,June,Monday,7,23,2,0.20213687554143478,0.11527377521613179,2021-06
2021-07-05,1571.75,1585.0,1563.1,1579.1,175.437,8110,27.609961,671685.9386,35.80033784,33.06680149,52880.0,8.852089643,8.273746897,23.30235985,20.50689209,7.521679043,6.415093393,1571.75,1585.0,1563.1,1579.1,175.437,0.7464591042490643,2021,7,July,Monday,5,27,3,0.27752966696439385,0.4676316208048296,2021-07
2021-08-02,1620.0,1634.9,1620.0,1631.35,131.638,8548,21.4239455,691253.5282,36.84327514,34.03010526,52950.63,9.110947167,8.515632486,23.99948442,21.12712061,7.740800988,6.601978226,1620.0,1634.9,1620.0,1631.35,131.638,1.3103555348548346,2021,8,August,Monday,2,31,3,0.6054960409874243,0.7006172839506116,2021-08
2021-09-06,1707.0,1732.0,1700.0,1730.0,144.43,6993,24.7484952,727545.3457,38.77760077,35.81960467,58296.91,9.59204512,8.965173552,25.29451102,22.27929981,8.147856996,6.949148359,1707.0,1732.0,1700.0,1730.0,144.43,1.746750573428213,2021,9,September,Monday,6,36,3,0.3940481091572102,1.3473930872876392,2021-09
2021-10-04,1669.2,1688.05,1666.3,1679.1,85.861,4579,14.4176481,706139.5318,35.79377189,33.80437224,59299.32,10.94217718,10.09567854,23.57728767,21.1288187,7.534887658,6.434894034,1669.2,1688.05,1666.3,1679.1,85.861,0.8498753716327689,2021,10,October,Monday,4,40,4,0.2552629208084327,0.5930984902947437,2021-10
2021-11-01,1674.2,1706.5,1674.2,1699.95,137.82,9672,23.3628576,714915.8671,36.23863884,34.22451372,60138.46,11.07816926,10.22115041,23.87781622,21.40094469,7.628535865,6.514870845,1674.2,1706.5,1674.2,1699.95,137.82,1.8788205681409709,2021,11,November,Monday,1,44,4,0.3356106915977548,1.5380480229363276,2021-11
2021-12-06,1732.0,1732.7,1690.0,1693.65,127.555,7769,21.7482011,712271.1143,36.10457797,34.09790389,56747.14,11.0371844,10.18333636,23.7872518,21.31893939,7.600314933,6.490769795,1732.0,1732.7,1690.0,1693.65,127.555,-2.377658654677506,2021,12,December,Monday,6,49,4,-0.16715660845005997,-2.2142032332563457,2021-12
2022-01-03,1890.0,1914.0,1888.95,1897.15,324.129,14765,61.7621148,797868.8109,38.89197226,37.10845128,59183.22,11.33275063,10.53058485,25.88689197,23.34404622,8.058466932,6.897444681,1890.0,1914.0,1888.95,1897.15,324.129,0.39689889662106737,2022,1,January,Monday,3,1,1,0.01852194850897833,0.37830687830688314,2022-01
2022-02-07,1725.0,1732.3,1696.0,1714.85,146.147,14249,25.0336764,721203.8038,35.15495022,33.54280284,57621.19,10.24381653,9.518728833,23.3433464,21.02928152,7.284151134,6.2346883,1725.0,1732.3,1696.0,1714.85,146.147,-1.4991814813751225,2022,2,February,Monday,7,6,1,-0.9161664608403484,-0.5884057971014546,2022-02
2022-03-07,1695.0,1750.6,1695.0,1739.55,548.075,36829,94.8955804,731643.1724,35.66381538,34.02833228,52842.75,10.39207314,9.656492843,23.6896975,21.34447984,7.389588652,6.324934925,1695.0,1750.6,1695.0,1739.55,548.075,0.9283165559455853,2022,3,March,Monday,7,10,1,-1.656464854515387,2.6283185840707937,2022-03
2022-04-04,1895.2,1895.2,1873.5,1882.45,296.103,15557,55.8096513,791897.5155,37.29208926,35.81626031,60611.74,11.52683054,10.59403608,25.10715946,22.92149161,7.618794646,6.51012007,1895.2,1895.2,1873.5,1882.45,296.103,-1.0460745919520509,2022,4,April,Monday,4,14,2,-0.3758509212289991,-0.6727522161249472,2022-04
2022-05-02,1551.0,1552.25,1530.6,1541.25,443.393,40650,68.1831561,648376.7814,30.53340152,29.32504665,56975.99,9.437742242,8.674005094,20.4852113,18.67355654,6.237990969,5.330248694,1551.0,1552.25,1530.6,1541.25,443.393,-1.6997257478155503,2022,5,May,Monday,2,18,2,-1.0778748644684029,-0.6286266924564796,2022-05
2022-06-06,1521.0,1536.6,1493.05,1530.35,208.431,14683,31.5570493,643886.2362,30.32193248,29.12194646,55675.32,9.372335779,8.61389471,20.34059758,18.54064512,6.194787725,5.293332315,1521.0,1536.6,1493.05,1530.35,208.431,0.5486202365308834,2022,6,June,Monday,6,23,2,-0.0657030223390276,0.6147271531886856,2022-06
2022-07-04,1482.0,1492.05,1461.8,1487.75,120.316,6234,17.7951492,625988.7725,29.23678354,28.10148916,53234.77,8.505073033,7.813938665,19.46645011,17.75499001,5.703666197,4.882336485,1482.0,1492.05,1461.8,1487.75,120.316,0.6562700855857306,2022,7,July,Monday,4,27,3,0.26724400392409225,0.38798920377867746,2022-07
2022-08-01,1570.0,1570.0,1537.7,1550.6,4624.163,5411,716.6106256,652448.7574,30.47259621,29.28931394,58115.5,8.864568995,8.14422191,20.30573024,18.52702586,5.944755061,5.088708477,1570.0,1570.0,1537.7,1550.6,4624.163,0.06453278265359241,2022,8,August,Monday,1,31,3,1.3164687661332017,-1.235668789808923,2022-08
2022-09-05,1451.0,1467.0,1447.0,1460.85,78.902,5395,11.5122503,614689.6662,28.70881734,27.59402443,59245.98,8.35148047,7.672827665,19.10789127,17.4251594,5.600667761,4.794169856,1451.0,1467.0,1447.0,1460.85,78.902,0.5471814990708035,2022,9,September,Monday,5,36,3,-0.13077293688485725,0.6788421778084017,2022-09
2022-10-03,1411.0,1411.0,1387.0,1394.0,160.174,9405,22.4314269,586571.1589,26.42093414,25.6413341,56788.81,7.96193731,7.333430742,17.50864787,16.07443111,5.062889242,4.340117046,1411.0,1411.0,1387.0,1394.0,160.174,-1.3516382421626116,2022,10,October,Monday,3,40,4,-0.14860944023776868,-1.2048192771084338,2022-10
2022-11-07,1515.0,1526.95,1491.0,1507.05,80.924,6479,12.1829964,634140.781,28.56361339,27.72078952,61185.15,8.607632743,7.928155692,18.95889701,17.41805392,5.473478348,4.692090928,1515.0,1526.95,1491.0,1507.05,80.924,-0.4524737433119874,2022,11,November,Monday,7,45,4,0.07266001717417986,-0.5247524752475278,2022-11
2022-12-05,1634.5,1644.5,1623.0,1640.5,124.491,11233,20.3368924,690335.6623,31.09480034,30.17728896,62834.6,9.370388798,8.630701791,20.67210336,19.0053006,5.958514913,5.107884235,1634.5,1644.5,1623.0,1640.5,124.491,0.11900765921089018,2022,12,December,Monday,5,49,4,-0.24716975374568703,0.36708473539308656,2022-12
2023-01-02,1513.0,1526.3,1505.0,1524.3,137.286,10943,20.8312123,637368.4916,28.27596343,26.94662375,61167.79,7.980204412,7.363425599,18.71720489,16.91626393,5.271472691,4.501126337,1513.0,1526.3,1505.0,1524.3,137.286,1.034002783853638,2023,1,January,Monday,2,1,1,0.2850135878570925,0.7468605419695938,2023-01
2023-02-06,1598.0,1598.0,1561.9,1570.5,173.063,19960,27.1853635,651807.5743,28.91653317,27.5649365,60506.9,8.164844273,7.533685958,19.15511702,17.31536207,5.392431026,4.604408433,1598.0,1598.0,1561.9,1570.5,173.063,-1.7915767751618072,2023,2,February,Monday,6,6,1,-0.07191320388957201,-1.72090112640801,2023-02
2023-03-06,1489.9,1520.0,1489.9,1507.55,412.843,20515,62.3661177,625279.6534,27.73965899,26.43553263,60224.46,7.830499,7.225172767,18.35523111,16.5863734,5.171489743,4.415754392,1489.9,1520.0,1489.9,1507.55,412.843,1.8752534126233344,2023,3,March,Monday,6,10,1,0.6825246654953465,1.184643264648625,2023-03
2023-04-03,1431.05,1438.0,1405.35,1410.95,113.769,6714,16.0820954,585341.0794,25.15648442,24.29305165,59106.44,8.753774331,7.85331366,16.75128294,15.15075148,4.719959677,3.988233591,1431.05,1438.0,1405.35,1410.95,113.769,-1.1732156615535505,2023,4,April,Monday,3,14,2,0.23464313231070316,-1.4045630830509004,2023-04
2023-05-08,1260.15,1270.7,1255.05,1266.25,230.558,12851,29.1745566,525413.0683,22.58092953,21.80589618,61764.25,7.857503913,7.049242827,15.01690355,13.56665349,4.236723824,3.579912844,1260.15,1270.7,1255.05,1266.25,230.558,0.5718597355148791,2023,5,May,Monday,8,19,2,0.08736745959256077,0.4840693568225933,2023-05
2023-06-05,1300.05,1309.5,1297.2,1304.95,228.481,9438,29.8415346,541537.8979,23.27393407,22.47511508,62787.47,8.098618253,7.265557834,15.483573,13.99288673,4.366748092,3.689779705,1300.05,1309.5,1297.2,1304.95,228.481,0.485119162206904,2023,6,June,Monday,5,23,2,0.10780425826819107,0.3769085804392209,2023-06
2023-07-03,1333.9,1346.05,1328.6,1333.2,141.383,7840,18.891902,553303.6461,22.74816618,22.41911046,65205.05,7.597809998,6.875037088,15.22695906,13.90509421,4.380937514,3.68304364,1333.9,1346.05,1328.6,1333.2,141.383,-0.14979029358898055,2023,7,July,Monday,3,27,3,-0.09736369083283061,-0.05247769697878742,2023-07
2023-08-07,1380.05,1394.0,1376.5,1392.75,364.823,18531,50.5216632,578039.3944,23.76513565,23.4213693,65953.48,7.93746598,7.182382617,15.91582362,14.54071319,4.576789771,3.847696162,1380.05,1394.0,1376.5,1392.75,364.823,1.041062100986645,2023,8,August,Monday,7,32,3,0.1197040046430545,0.9202565124452046,2023-08
2023-09-04,1443.0,1469.0,1435.35,1464.65,218.816,6480,31.7470658,607882.1628,24.99207182,24.63055765,65628.14,8.34725735,7.553190996,16.7469133,15.30756406,4.813078297,4.046343359,1443.0,1469.0,1435.35,1464.65,218.816,1.4968296316828944,2023,9,September,Monday,4,36,3,-0.003464883406670214,1.5003465003465066,2023-09
2023-10-09,1459.05,1491.0,1459.05,1474.6,167.685,10819,24.8234801,612015.6423,25.17029169,24.60760091,65512.39,8.373201365,7.576964915,16.79933528,15.18512081,4.805399202,4.00832848,1459.05,1491.0,1459.05,1474.6,167.685,-0.26715363024585326,2023,10,October,Monday,9,41,4,-1.3188596936187482,1.0657619684040953,2023-10
2023-11-06,1393.65,1406.35,1390.55,1404.0,298.403,12962,41.7563139,582715.6648,23.96527513,23.42952293,64958.69,7.972337389,7.214220528,15.98639545,14.44338679,4.575342846,3.816431531,1393.65,1406.35,1390.55,1404.0,298.403,1.072636959182205,2023,11,November,Monday,6,45,4,0.32755021236773324,0.7426541814659282,2023-11
2023-12-04,1460.0,1471.45,1449.35,1464.45,123.075,5008,18.0020272,607810.5398,24.99734895,24.43852438,68865.12,8.31566695,7.524901897,16.682663,15.07866791,4.772381751,3.980787628,1460.0,1471.45,1449.35,1464.45,123.075,0.8400757445343521,2023,12,December,Monday,4,49,4,0.5336546737820623,0.3047945205479483,2023-12
2024-01-01,1542.0,1557.0,1536.9,1551.25,113.496,4763,17.553957,643838.1768,26.1117807,26.39654696,72271.94,8.083928078,7.410129579,17.37044283,16.07617777,5.051216651,4.20290084,1542.0,1557.0,1536.9,1551.25,113.496,0.5444469650322414,2024,1,January,Monday,1,1,1,-0.05509284765206657,0.5998702983138782,2024-01
2024-02-05,1686.1,1700.5,1681.0,1686.75,148.469,11845,25.120278,700077.6228,28.3926521,28.70229277,71731.42,8.790061183,8.057406242,18.90331224,17.50749829,5.492441848,4.570025412,1686.1,1700.5,1681.0,1686.75,148.469,-0.41916344422469054,2024,2,February,Monday,5,6,1,-0.457537562357942,0.03855050115652043,2024-02
2024-03-04,1655.75,1662.25,1633.2,1637.85,291.654,11173,47.8771562,679824.7236,27.57126672,27.87077062,73872.29,8.53540339,7.823974624,18.35051286,16.99132053,5.333322608,4.437629113,1655.75,1662.25,1633.2,1637.85,291.654,-1.0482116964717347,2024,3,March,Monday,4,10,1,0.033228612856449645,-1.0810810810810865,2024-03
2024-04-01,1521.25,1528.0,1493.0,1495.8,296.239,17335,44.6741417,620886.7553,22.79822117,23.66815672,74014.55,7.735611678,7.11965401,15.64036747,14.73407126,4.815576736,4.040390156,1521.25,1528.0,1493.0,1495.8,296.239,-0.20016012810247785,2024,4,April,Monday,1,14,2,1.4978649586335766,-1.6729663105998387,2024-04
2024-05-06,1416.45,1445.0,1416.45,1425.8,276.183,15304,39.6145158,591924.4048,21.7347582,22.56411409,73895.54,7.374740321,6.787519695,14.90104163,14.0300079,4.590945723,3.851919079,1416.45,1445.0,1416.45,1425.8,276.183,0.6601009566168825,2024,5,May,Monday,6,19,2,0.0,0.6601009566168878,2024-05
2024-06-03,1435.15,1439.05,1404.0,1405.9,182.274,8146,25.7144869,583714.9595,21.43331716,22.25117064,76468.78,7.272442692,6.693368842,14.69147801,13.83043951,4.527273541,3.798496515,1435.15,1439.05,1404.0,1405.9,182.274,-0.024888888888885408,2024,6,June,Monday,3,23,2,2.0551111111111178,-2.0381144828066753,2024-06
2024-07-01,1561.05,1599.85,1559.2,1589.75,438.488,23938,69.6227264,660068.7268,24.40631269,24.76341125,79476.19,7.672361651,7.053371657,16.66226329,15.44255796,5.061721472,4.257052278,1561.05,1599.85,1559.2,1589.75,438.488,1.4550560005105462,2024,7,July,Monday,1,27,3,-0.3765276492549278,1.838506133692069,2024-07
2024-08-05,1761.0,1797.6,1718.4,1751.4,580.128,32765,102.090026,727201.4127,26.88857137,27.28198885,78759.4,8.452679548,7.770735463,18.37820241,17.04914116,5.576526891,4.690018334,1761.0,1797.6,1718.4,1751.4,580.128,-3.843197540353571,2024,8,August,Monday,5,32,3,-3.316130449105089,-0.5451448040885809,2024-08
2024-09-02,1943.0,1975.05,1942.95,1964.1,151.346,7223,29.6853853,815520.7727,30.15421604,30.59541447,82559.84,9.479265092,8.714498364,20.63568164,19.16275242,6.253801821,5.259625887,1943.0,1975.05,1942.95,1964.1,151.346,1.070344259764311,2024,9,September,Monday,2,36,3,-0.015437657592752254,1.085949562532162,2024-09
2024-10-07,1922.05,1942.25,1915.6,1933.75,367.272,18849,70.930995,802921.3907,29.07765874,29.79410704,81050.0,9.703086182,8.87528866,19.90957213,18.6607172,6.081263563,5.112683567,1922.05,1942.25,1915.6,1933.75,367.272,0.8027732165663215,2024,10,October,Monday,7,41,4,0.19287408449970264,0.6087250591816054,2024-10
2024-11-04,1728.95,1768.25,1718.5,1764.9,183.17,12641,31.9107086,732814.597,26.53875338,27.19264525,78782.24,8.855864017,8.100345449,18.15325793,17.00079548,5.550280212,4.666271432,1728.95,1768.25,1718.5,1764.9,183.17,0.1873297002724872,2024,11,November,Monday,4,45,4,-1.853428701180737,2.0792966829578674,2024-11
2024-12-02,1850.1,1882.0,1836.0,1879.2,144.317,8054,26.9211322,780290.2412,28.25807559,28.95433008,80248.08,9.429589204,8.625124922,19.34261696,18.12487845,5.909857013,4.968577422,1850.1,1882.0,1836.0,1879.2,144.317,1.116521832710049,2024,12,December,Monday,2,49,4,-0.449299147138752,1.572887952002602,2024-12
2025-01-06,1954.65,1972.95,1927.85,1937.85,189.323,6191,36.7956803,804647.4858,29.3463469,29.10222741,77964.99,9.030112902,8.270681912,20.02354399,18.2487694,5.984466932,5.029423993,1954.65,1972.95,1927.85,1937.85,189.323,-0.023216220399324694,2025,1,January,Monday,6,2,1,0.8435226745085971,-0.859488911058255,2025-01
2025-02-03,1839.95,1876.5,1832.8,1863.85,130.888,11192,24.2643297,773921.7285,28.22574596,27.99094826,77186.74,8.685294482,7.954862685,19.25107423,17.53888891,5.755947883,4.837373606,1839.95,1876.5,1832.8,1863.85,130.888,0.6452832226361949,2025,2,February,Monday,3,6,1,-0.6452832226362138,1.2989483409875193,2025-02
2025-03-03,1688.4,1728.45,1688.4,1708.1,695.948,13320,119.0643569,709328.4558,25.86996082,25.65475987,73085.94,7.96037949,7.2909145,17.62714843,16.0465415,5.275543343,4.433635371,1688.4,1728.45,1688.4,1708.1,695.948,1.1877610260359495,2025,3,March,Monday,3,10,1,0.020733982998142025,1.1667851220089918,2025-03
2025-04-07,1350.0,1406.85,1307.1,1397.8,1050.658,50183,143.0751864,580543.1657,22.70584972,21.73260831,73137.9,6.729871605,6.126869811,14.7926691,12.98179489,4.250198882,3.561833031,1350.0,1406.85,1307.1,1397.8,1050.658,-3.752668181505203,2025,4,April,Monday,7,15,2,-7.043999173724434,3.540740740740737,2025-04
2025-05-05,1507.35,1522.45,1502.75,1507.7,105.684,3653,15.9808086,626282.7846,24.49478976,23.44486896,80796.84,7.260075639,6.609569314,15.98750776,14.04957943,4.58506197,3.842461406,1507.35,1522.45,1502.75,1507.7,105.684,0.08297653423612328,2025,5,May,Monday,5,19,2,0.05974310464999592,0.023219557501584664,2025-05
2025-06-02,1562.0,1562.0,1538.75,1554.2,338.024,16190,52.4465355,645647.8333,25.25218372,24.16979872,81373.75,7.484547841,6.813929824,16.49337356,14.50165359,4.726834904,3.961272675,1562.0,1562.0,1538.75,1554.2,338.024,-0.5502943434860463,2025,6,June,Monday,2,23,2,-0.05119017148707157,-0.4993597951344402,2025-06
2025-07-07,1640.0,1642.4,1623.05,1627.5,173.344,5459,28.3257444,676107.8702,26.09145488,24.79673844,83442.5,7.318916544,6.649491176,17.09172508,14.96538835,4.878721562,4.074067936,1640.0,1642.4,1623.05,1627.5,173.344,-0.774295817583226,2025,7,July,Monday,7,28,3,-0.01219363492257319,-0.7621951219512195,2025-07
2025-08-04,1466.0,1482.5,1451.2,1480.35,144.987,10425,21.2448618,614977.7485,23.7324026,22.55474762,81018.72,6.65717856,6.048279117,15.51307359,13.5615182,4.437613188,3.705712116,1466.0,1482.5,1451.2,1480.35,144.987,0.6629946960424293,2025,8,August,Monday,4,32,3,-0.3127974976200129,0.9788540245566104,2025-08
2025-09-01,1472.2,1502.5,1472.2,1499.45,98.064,4300,14.6863692,622930.3389,24.03929838,22.84641454,80364.49,6.743261561,6.126488891,15.71844482,13.74415164,4.494998224,3.753632566,1472.2,1502.5,1472.2,1499.45,98.064,2.0415801830616864,2025,9,September,Monday,1,36,3,0.1871448501139882,1.8509713354163835,2025-09
2025-10-06,1446.55,1478.6,1442.05,1475.15,78.527,4311,11.5004394,612836.515,22.81680312,21.79051753,81790.12,6.621093653,5.930683565,15.07698836,13.2101822,4.339187831,3.616450772,1446.55,1478.6,1442.05,1475.15,78.527,1.977117970343234,2025,10,October,Monday,6,41,4,0.0,1.97711797034324,2025-10
2025-11-03,1481.3,1490.0,1474.35,1485.35,296.65,13773,43.9575692,617074.0044,22.97457107,21.94118918,83978.49,6.666875543,5.97169158,15.18372344,13.30532116,4.369191367,3.641456906,1481.3,1490.0,1474.35,1485.35,296.65,0.19224283305228074,2025,11,November,Monday,3,45,4,-0.08094435075885636,0.2734084925403331,2025-11
