Date,Year,Month_Name,Open,High,Low,Close,Volume,Daily_Return
2000-01-05,2000,January,27.38,28.87,25.54,28.74,19501.03,4.775792927451694
2000-01-12,2000,January,29.19,30.6,28.39,30.58,7299.55,5.266781411359722
2000-01-19,2000,January,32.31,32.6,31.78,31.91,7978.95,-0.9313877677739835
2000-02-02,2000,February,34.21,34.83,33.92,34.01,8383.32,-0.40995607613469875
2000-02-09,2000,February,34.8,35.49,34.55,34.78,7993.77,0.3172771848860778
2000-02-16,2000,February,35.13,35.49,34.43,34.73,4563.06,-0.8847031963470364
2000-02-23,2000,February,34.23,34.6,32.62,33.12,3516.46,-3.524614040198082
2000-03-01,2000,March,30.7,32.47,30.0,31.97,8349.42,1.977671451355656
2000-03-08,2000,March,24.36,25.07,23.15,23.62,5426.09,-4.987932421560737
2000-03-15,2000,March,22.15,23.88,22.15,23.88,7086.03,7.956600361663635
2000-03-22,2000,March,24.34,24.96,24.2,24.29,3837.52,0.330441966129702
2000-03-29,2000,March,28.69,28.99,27.03,27.15,7292.48,-3.825717321997879
2000-04-05,2000,April,30.25,31.48,28.1,30.3,17298.88,0.23155805491232861
2000-04-12,2000,April,35.93,36.23,33.62,33.62,8817.94,-6.036892118501969
2000-04-19,2000,April,30.1,32.45,30.1,31.73,11029.77,5.590682196339425
2000-04-26,2000,April,33.91,36.31,33.62,36.31,12950.72,8.001189767995264
2000-05-03,2000,May,33.01,33.61,31.61,33.22,9613.14,0.4535833081342533
2000-05-10,2000,May,33.17,33.69,32.53,32.74,5259.46,-1.2070006035002967
2000-05-17,2000,May,32.01,33.03,31.82,32.1,5952.29,0.5954246317768863
2000-05-24,2000,May,31.46,31.99,31.26,31.51,2913.83,-0.3793866582358474
2000-05-31,2000,May,34.63,35.98,34.43,34.6,7221.13,0.028910089621270174
2000-06-07,2000,June,34.13,34.63,33.85,33.97,3238.12,-0.32276995305163814
2000-06-14,2000,June,34.33,34.72,33.83,33.98,4281.32,-0.5851375073142262
2000-06-21,2000,June,33.32,33.62,33.02,33.07,2198.54,-0.6608591168519085
2000-06-28,2000,June,33.57,33.9,33.42,33.55,1434.44,-0.23788284269998794
2000-07-05,2000,July,34.79,36.18,34.79,35.49,13406.98,1.953461648951449
2000-07-12,2000,July,37.6,37.85,37.07,37.21,4640.9,-1.2735473600424485
2000-07-19,2000,July,36.04,36.49,35.49,35.56,4431.51,-1.6592920353982188
2000-07-26,2000,July,33.97,34.03,32.64,32.71,3177.23,-3.5387791212031727
2000-08-02,2000,August,33.92,34.18,33.83,34.1,1267.87,0.23515579071133885
2000-08-09,2000,August,33.36,33.97,33.36,33.7,1881.69,0.9284216831386694
2000-08-16,2000,August,33.14,34.31,33.14,33.98,3934.8,2.2262334536702566
2000-08-23,2000,August,34.08,34.82,34.04,34.14,3659.67,-0.02928257686676261
2000-08-30,2000,August,33.33,34.12,33.33,33.84,3567.23,1.2870398084406043
2000-09-06,2000,September,35.74,36.84,35.43,36.51,12088.43,1.954761239877123
2000-09-13,2000,September,38.66,39.16,37.46,37.9,8181.17,-2.294405774684194
2000-09-20,2000,September,34.33,35.23,33.95,34.87,3498.14,1.810218978102185
2000-09-27,2000,September,34.43,35.7,33.63,35.68,6358.13,3.1810294968189767
2000-10-04,2000,October,34.73,35.08,34.53,34.7,1409.31,0.0
2000-10-11,2000,October,33.72,33.72,32.98,33.24,1922.4,-1.4819205690574933
2000-10-18,2000,October,30.25,30.45,29.6,30.03,3130.89,-1.1195258478761905
2000-10-25,2000,October,29.55,30.55,29.39,30.4,4265.69,2.946156451066706
2000-11-01,2000,November,30.59,31.42,30.59,30.97,4569.51,1.4744429882044496
2000-11-08,2000,November,31.71,32.41,31.66,32.11,4983.44,1.581777918380256
2000-11-15,2000,November,31.42,31.93,31.18,31.57,3147.54,0.8304056212072863
2000-11-22,2000,November,31.21,31.32,31.0,31.01,1256.9,-0.44943820224717657
2000-11-29,2000,November,33.02,33.42,32.62,32.82,4427.24,-0.7859733978234473
2000-12-06,2000,December,34.3,34.71,33.85,33.92,3177.48,-0.7025761124121677
2000-12-13,2000,December,34.57,35.18,34.55,34.97,4801.69,0.9818076812012633
2000-12-20,2000,December,34.24,34.48,33.98,34.39,2995.05,0.35016049022467133
2000-12-27,2000,December,32.99,33.61,32.67,33.54,2331.9,1.4212276988206707
2001-01-03,2001,January,35.88,36.39,35.56,36.21,7403.91,0.6672226855713115
2001-01-10,2001,January,36.24,36.43,35.18,35.48,3920.47,-1.6629711751663057
2001-01-17,2001,January,37.24,37.3,36.3,36.43,3424.36,-1.9644779332615658
2001-01-24,2001,January,38.5,38.65,38.05,38.27,5641.58,-0.3385416666666585
2001-01-31,2001,January,39.21,39.36,38.59,38.67,6852.02,-1.477707006369422
2001-02-07,2001,February,40.08,40.16,39.47,39.64,3334.58,-0.7511266900350422
2001-02-14,2001,February,41.47,41.97,41.18,41.81,8238.31,1.1369134010643434
2001-02-21,2001,February,42.58,42.77,41.51,41.77,7047.96,-2.132146204311147
2001-02-28,2001,February,40.62,42.26,40.58,41.69,7932.64,2.8367044893931936
2001-03-07,2001,March,41.36,42.44,40.17,41.53,6921.74,0.7520621057738985
2001-03-14,2001,March,38.66,40.72,38.46,39.95,2850.35,1.965288412455335
2001-03-21,2001,March,37.7,40.66,37.65,40.53,2390.8,7.6494023904382535
2001-03-28,2001,March,39.55,40.76,39.55,40.52,1723.79,2.6602482898403945
2001-04-04,2001,April,39.16,39.16,38.05,38.57,1244.01,-1.8075356415478638
2001-04-11,2001,April,33.07,33.89,30.8,32.34,4760.67,-2.148260211800279
2001-04-18,2001,April,31.53,33.26,30.4,33.05,4522.46,4.160100850929704
2001-04-25,2001,April,35.33,36.64,35.33,36.25,2713.57,2.9244747302668905
2001-05-02,2001,May,34.28,34.86,33.88,34.48,1386.96,-0.1448016217781789
2001-05-09,2001,May,34.93,36.03,34.88,35.41,2878.5,1.6360505166475026
2001-05-16,2001,May,37.44,37.74,36.77,36.93,1788.39,-1.0715242432359995
2001-05-23,2001,May,37.95,38.55,37.95,38.34,1084.79,0.8947368421052815
2001-05-30,2001,May,40.76,40.92,39.26,39.32,2885.12,-3.343166175024581
2001-06-06,2001,June,37.69,37.89,36.66,36.83,1272.69,-1.8128499066915493
2001-06-13,2001,June,37.39,37.95,37.26,37.7,1401.77,1.0723860589812562
2001-06-20,2001,June,34.91,35.03,34.28,34.69,1598.0,-0.8006863025450395
2001-06-27,2001,June,34.76,36.22,34.54,36.08,2273.94,3.2922988834812372
2001-07-04,2001,July,32.21,33.42,32.21,32.82,2868.73,-0.6357856494096259
2001-07-11,2001,July,33.42,34.43,33.12,34.04,891.49,1.21914956883733
2001-07-18,2001,July,33.72,33.72,32.68,32.81,1473.98,-2.3221196784757425
2001-07-25,2001,July,31.61,31.79,31.04,31.26,895.71,-1.2010113780025256
2001-08-01,2001,August,32.01,32.46,31.45,31.68,1333.16,-1.5843429636533068
2001-08-08,2001,August,32.72,33.25,32.41,33.04,1205.7,-0.18126888217523396
2001-08-29,2001,August,31.61,32.26,31.31,32.08,2311.2,1.9707565162110585
2001-09-05,2001,September,31.52,31.8,31.17,31.34,619.07,-1.0419955794127023
2001-09-12,2001,September,29.29,30.35,28.44,30.15,1724.5,-1.8235102572452089
2001-09-19,2001,September,25.67,26.46,24.51,24.77,2564.99,-3.0148786217697676
2001-09-26,2001,September,21.14,22.83,21.14,22.83,3849.48,9.971098265895929
2001-10-03,2001,October,26.17,26.35,24.37,24.78,4999.71,-5.455932850057232
2001-10-10,2001,October,25.32,26.53,25.32,25.85,3777.28,1.6116352201257955
2001-10-17,2001,October,27.93,28.88,27.69,28.66,2748.47,4.484141450966095
2001-10-24,2001,October,27.88,27.94,26.56,26.72,2194.62,-3.4333212865919838
2001-10-31,2001,October,25.17,25.94,25.03,25.71,4077.9,1.1408339889850572
2001-11-07,2001,November,26.6,26.88,25.82,26.03,987.4,-1.7735849056603747
2001-11-14,2001,November,27.48,27.73,27.24,27.52,487.5,1.8881895594224263
2001-11-21,2001,November,29.3,30.42,29.01,29.59,2497.0,1.196990424076616
2001-11-28,2001,November,29.47,29.6,28.73,29.29,1488.76,-0.27238678924073056
2001-12-05,2001,December,30.69,31.76,30.6,31.62,1997.69,4.910418049104193
2001-12-12,2001,December,31.5,31.68,31.16,31.32,1279.97,0.19193857965451588
2001-12-19,2001,December,31.7,31.7,30.86,31.08,1918.21,-0.22471910112359383
2001-12-26,2001,December,31.06,31.5,30.6,30.81,745.7,-1.6283524904214586
2002-01-02,2002,January,30.8,30.8,30.3,30.55,682.14,-0.5857468272046806
2002-01-09,2002,January,32.21,33.76,31.91,33.04,4111.59,3.5412096521466596
2002-01-16,2002,January,32.52,32.87,31.85,32.22,719.64,-0.6169031462060492
2002-01-23,2002,January,31.51,31.91,31.33,31.67,526.97,0.7956715467854814
2002-01-30,2002,January,32.02,32.02,31.11,31.61,883.51,-0.8469259723964839
2002-02-06,2002,February,29.6,29.92,29.19,29.33,3214.19,-0.845165652467883
2002-02-13,2002,February,31.11,31.53,31.11,31.19,1309.33,0.19274012206875746
2002-02-20,2002,February,31.71,32.19,31.51,31.95,978.83,-1.052957572003721
2002-02-27,2002,February,32.69,33.27,32.07,32.69,4337.96,0.9262117937635095
2002-03-06,2002,March,31.71,31.86,30.83,30.94,2020.95,-1.9645120405576644
2002-03-13,2002,March,29.4,30.09,29.4,29.54,2091.35,0.5103776794828097
2002-03-20,2002,March,30.0,30.7,30.0,30.59,1704.41,1.4257294429708134
2002-03-27,2002,March,30.3,30.52,29.7,30.24,1469.6,0.06618133686300265
2002-04-03,2002,April,30.57,30.57,29.9,30.05,629.94,-1.6366612111292977
2002-04-10,2002,April,30.19,30.45,29.61,29.83,1483.47,-1.2251655629139102
2002-04-17,2002,April,29.2,29.44,29.09,29.2,578.87,0.3436426116838476
2002-04-24,2002,April,29.5,29.68,29.09,29.16,450.31,-0.3076923076923088
2002-05-08,2002,May,29.64,29.78,29.06,29.18,1148.79,-1.1517615176151796
2002-05-15,2002,May,28.64,28.88,28.2,28.5,434.56,-0.31479538300105414
2002-05-22,2002,May,26.37,26.67,25.68,26.05,1279.71,-1.400454201362611
2002-05-29,2002,May,26.02,26.83,26.02,26.69,823.49,1.9480519480519431
2002-06-05,2002,June,27.64,27.93,27.41,27.59,992.36,0.40029112081514384
2002-06-12,2002,June,29.04,29.17,28.6,28.82,525.11,-0.7575757575757569
2002-06-19,2002,June,28.4,29.07,28.1,28.88,1221.5,1.3689013689013763
2002-06-26,2002,June,27.08,27.33,26.69,26.89,1419.95,-2.3956442831216007
2002-07-03,2002,July,26.88,27.5,26.88,26.99,1330.95,0.37188545927853145
2002-07-10,2002,July,27.85,28.09,27.61,27.93,1198.42,0.2512562814070307
2002-07-17,2002,July,25.94,26.02,25.37,25.53,1878.05,-1.3523956723338393
2002-07-24,2002,July,25.67,25.84,25.17,25.26,1114.99,-2.282398452611223
2002-07-31,2002,July,24.84,24.97,24.28,24.66,1584.77,-0.7246376811594235
2002-08-07,2002,August,24.66,24.84,24.16,24.26,1660.25,-0.24671052631578538
2002-08-14,2002,August,24.26,24.52,23.97,24.02,1370.45,-1.5170151701517032
2002-08-21,2002,August,24.97,25.28,24.66,24.69,910.74,-1.5550239234449648
2002-08-28,2002,August,24.76,24.83,24.56,24.72,401.12,-0.3225806451612967
2002-09-04,2002,September,26.48,27.26,26.3,27.07,2240.0,1.614114114114118
2002-09-11,2002,September,26.43,26.43,25.82,25.91,913.58,-1.1823035850495711
2002-09-18,2002,September,26.4,26.4,25.97,26.03,728.18,-1.289343951459987
2002-09-25,2002,September,25.37,25.76,25.27,25.71,737.8,0.3512880562060783
2002-10-09,2002,October,24.5,24.51,23.92,23.97,737.46,-1.6817063166529977
2002-10-16,2002,October,24.52,24.87,24.36,24.52,1042.22,0.6568144499178974
2002-10-23,2002,October,23.86,23.93,23.66,23.74,1329.8,-1.8196856906534387
2002-10-30,2002,October,23.34,23.73,23.34,23.57,1872.63,1.594827586206904
2002-11-13,2002,November,26.48,26.75,26.21,26.46,5183.07,0.7232584697373534
2002-11-20,2002,November,27.38,27.97,27.21,27.49,4130.38,0.6959706959706935
2002-11-27,2002,November,29.28,29.5,28.81,28.95,3548.32,-1.5306122448979553
2002-12-04,2002,December,28.99,29.62,28.86,29.46,5156.63,0.6835269993164639
2002-12-11,2002,December,29.7,29.9,29.24,29.45,2378.13,-0.33840947546531774
2002-12-18,2002,December,29.62,29.78,29.05,29.13,1763.9,-1.6210739614994973
2003-01-01,2003,January,30.2,30.39,29.91,29.96,1814.76,-0.033366700033354846
2003-01-08,2003,January,28.87,29.29,28.72,29.11,1088.15,1.393242772553105
2003-01-15,2003,January,29.59,29.71,28.94,29.31,2049.71,-1.1467116357504192
2003-01-22,2003,January,29.5,29.94,29.3,29.8,1609.82,1.3260795647738854
2003-01-29,2003,January,28.19,28.28,27.33,27.5,1716.46,-2.065527065527062
2003-02-05,2003,February,28.31,28.59,27.96,28.49,1295.1,0.6358177322500769
2003-02-12,2003,February,28.46,28.48,28.04,28.33,1177.24,-0.3517411185367636
2003-02-19,2003,February,29.28,29.47,29.14,29.22,613.99,0.1370801919122755
2003-02-26,2003,February,29.85,30.0,29.33,29.4,1872.53,-1.1099899091826515
2003-03-05,2003,March,29.38,29.38,29.1,29.1,2700.9,-1.1884550084889534
2003-03-12,2003,March,28.99,28.99,27.96,27.96,1473.13,-2.781641168289295
2003-03-19,2003,March,28.35,28.78,28.29,28.72,1748.92,2.0248667850799373
2003-03-26,2003,March,28.81,28.99,28.45,28.61,904.16,-0.625217089267105
2003-04-02,2003,April,28.44,28.84,28.29,28.37,1503.95,0.03526093088859206
2003-04-09,2003,April,29.84,29.84,29.04,29.04,2160.27,-2.6483405967147156
2003-04-16,2003,April,28.19,28.74,28.19,28.55,1124.91,0.03503854239663706
2003-04-23,2003,April,26.58,28.63,26.58,27.24,8442.41,-2.505368647100936
2003-04-30,2003,April,27.38,27.79,27.33,27.67,997.05,0.6914119359534343
2003-05-07,2003,May,27.06,27.18,26.67,26.71,1327.99,-1.584377302873985
2003-05-14,2003,May,26.37,26.88,26.37,26.82,998.05,1.8609950626661709
2003-05-21,2003,May,27.48,27.58,27.17,27.33,1212.04,-0.2918642831083562
2003-05-28,2003,May,28.29,29.14,28.29,29.03,1763.2,2.797450424929182
2003-06-04,2003,June,29.39,30.47,29.38,30.32,1860.99,3.199455411844787
2003-06-11,2003,June,30.72,31.09,30.52,30.97,995.97,1.574286651361101
2003-06-18,2003,June,32.52,32.52,31.99,31.99,2004.62,-1.3263417643430087
2003-06-25,2003,June,32.31,32.94,32.21,32.57,2411.4,1.1176653213287757
2003-07-02,2003,July,33.03,33.62,32.74,32.93,3667.33,0.39634146341465115
2003-07-09,2003,July,32.87,33.06,32.54,32.84,1362.28,0.18303843807199183
2003-07-16,2003,July,34.08,34.87,33.7,34.7,2321.46,2.17903415783276
2003-07-23,2003,July,33.77,33.92,32.97,33.22,1574.57,-1.2778603268944977
2003-07-30,2003,July,35.23,35.6,34.89,35.06,1970.05,0.1428163381891112
2003-08-06,2003,August,34.73,35.86,34.53,35.33,4135.38,1.2320916905444124
2003-08-13,2003,August,36.24,36.5,35.82,36.4,1685.95,1.4492753623188248
2003-08-20,2003,August,37.45,37.7,36.99,37.09,1628.49,-0.37604082728980304
2003-08-27,2003,August,39.47,39.91,39.32,39.57,1818.71,0.43147208121827596
2003-09-03,2003,September,42.18,42.28,40.78,40.99,2422.32,-2.474423031168216
2003-09-10,2003,September,43.79,43.79,43.74,43.74,2111.31,-0.7037457434733163
2003-09-17,2003,September,41.73,42.05,40.5,40.81,3362.14,-1.0186757215619568
2003-09-24,2003,September,41.78,43.36,41.53,43.1,4073.83,3.4069097888675737
2003-10-01,2003,October,44.6,44.84,43.6,43.75,2187.54,-2.1252796420581754
2003-10-08,2003,October,45.78,46.28,45.15,45.98,2135.32,1.1216186496591174
2003-10-15,2003,October,46.94,48.62,46.9,48.32,3606.73,2.8085106382978786
2003-10-22,2003,October,47.81,47.81,47.31,47.31,2746.39,0.44585987261147597
2003-10-29,2003,October,46.95,47.81,46.56,47.66,1846.34,1.707212974818595
2003-11-05,2003,November,49.82,49.82,49.19,49.19,2804.06,-0.28380295965944047
2003-11-12,2003,November,49.32,49.48,48.49,48.64,2432.66,0.16474464579900872
2003-11-19,2003,November,46.79,47.01,46.17,46.36,2364.58,-1.1303049690765676
2003-12-03,2003,December,50.52,50.89,49.63,49.96,4288.01,-1.1084718923198733
2003-12-10,2003,December,48.94,50.59,48.92,50.18,6066.1,2.596606011040703
2003-12-17,2003,December,50.86,51.13,50.35,50.5,3271.35,-0.5905511811023612
2003-12-24,2003,December,52.75,53.66,52.5,53.25,2442.18,1.139601139601143
2003-12-31,2003,December,56.6,58.59,56.52,57.68,5896.62,2.1427306534443025
2004-01-07,2004,January,57.48,58.63,57.08,58.35,3333.75,2.0104895104894993
2004-01-14,2004,January,59.39,60.32,59.39,60.14,2949.35,1.6737109044801413
2004-01-21,2004,January,57.57,58.31,55.09,55.51,3887.03,-3.6619229434224243
2004-01-28,2004,January,58.88,59.31,57.3,58.22,4176.02,-0.5466347796378557
2004-02-04,2004,February,55.98,57.88,55.36,57.63,3780.41,2.9842744817726974
2004-02-11,2004,February,59.91,59.97,58.55,59.11,3452.43,-1.02143335565974
2004-02-18,2004,February,60.5,61.45,60.4,60.84,5793.36,1.0967098703888345
2004-02-25,2004,February,57.17,57.18,55.62,55.8,3594.88,-2.122434660585859
2004-03-03,2004,March,57.28,58.71,56.8,58.42,4407.52,2.2222222222222365
2004-03-10,2004,March,58.59,58.59,57.62,57.62,2308.66,-1.8900051081219171
2004-03-17,2004,March,54.83,55.59,53.92,54.33,4456.47,-0.45804323928179125
2004-03-24,2004,March,51.54,51.87,50.91,51.68,4067.77,0.5447470817120603
2004-03-31,2004,March,53.2,54.36,52.8,54.16,2466.82,2.0538910872432536
2004-04-07,2004,April,58.33,58.44,57.38,57.75,1963.87,-0.017313019390574613
2004-04-21,2004,April,55.72,57.3,55.37,57.19,2108.53,2.859712230215816
2004-04-28,2004,April,54.25,55.26,54.06,54.39,3237.18,0.23958717287135833
2004-05-05,2004,May,53.55,53.74,53.05,53.34,2331.22,-0.1310615989514985
2004-05-12,2004,May,49.33,50.28,48.62,49.99,2933.54,1.3995943204868189
2004-05-19,2004,May,44.54,46.91,44.19,45.53,6142.81,4.306987399770912
2004-05-26,2004,May,46.31,47.1,45.83,46.22,3610.06,0.719110917411192
2004-06-02,2004,June,43.89,44.57,43.81,44.26,2535.31,1.28146453089244
2004-06-09,2004,June,45.57,46.16,45.32,45.42,2581.08,-1.0241882763129206
2004-06-16,2004,June,45.58,45.85,44.56,44.92,2251.51,-1.057268722466953
2004-06-23,2004,June,43.77,43.77,41.38,41.38,4949.65,-4.764096662830841
2004-06-30,2004,June,44.7,44.95,43.12,43.25,4197.83,-3.0703720304795956
2004-07-07,2004,July,43.91,44.57,43.81,44.13,3267.19,0.022665457842263592
2004-07-14,2004,July,43.39,43.39,42.07,42.07,3334.13,-2.9079159935379573
2004-07-21,2004,July,43.29,44.29,43.28,43.73,2438.02,1.4146567717996383
2004-07-28,2004,July,47.0,47.82,46.66,47.36,3822.47,1.1749626148258807
2004-08-04,2004,August,49.23,49.78,48.68,49.64,3182.1,0.750964075502325
2004-08-11,2004,August,48.99,50.13,48.08,48.31,3060.04,-3.3993201359727943
2004-08-18,2004,August,48.31,48.31,47.36,47.36,2445.17,-1.9258645682335929
2004-08-25,2004,August,45.83,46.16,45.33,46.09,3147.66,0.9638554216867545
2004-09-01,2004,September,48.12,48.25,47.67,47.88,1574.49,0.020889910173393922
2004-09-08,2004,September,49.13,49.13,48.57,48.57,1708.15,-0.4713114754098302
2004-09-15,2004,September,48.92,49.53,48.78,49.09,1715.47,0.3475061324611728
2004-09-22,2004,September,51.11,51.24,50.33,50.66,2213.38,-0.6861399725544004
2004-09-29,2004,September,49.96,52.04,49.71,51.75,3908.05,3.603603603603589
2004-10-06,2004,October,53.89,55.96,53.89,55.04,3943.76,1.3254786450662692
2004-10-20,2004,October,57.08,57.08,55.2,55.2,3540.19,-2.075572112825963
2004-10-27,2004,October,55.67,55.86,54.24,54.48,2631.76,-1.9085343896291018
2004-11-03,2004,November,54.7,55.01,54.21,54.73,1373.14,0.14638609332113806
2004-11-10,2004,November,54.41,55.04,54.41,54.78,1149.25,0.8097165991902688
2004-11-17,2004,November,54.91,55.27,54.48,54.75,1425.66,-0.1823154056517784
2004-11-24,2004,November,52.48,52.84,51.24,51.84,3528.91,-2.519744264761181
2004-12-01,2004,December,52.4,53.63,52.35,53.18,3262.44,2.229911572472121
2004-12-08,2004,December,51.63,52.75,50.99,51.11,3176.31,-1.8625192012288738
2004-12-15,2004,December,51.31,51.31,49.83,49.83,2880.23,-2.0251671254423953
2004-12-22,2004,December,49.09,50.21,48.83,49.8,4468.75,1.903007980356053
2004-12-29,2004,December,53.3,54.19,53.04,53.48,2829.75,0.6019563581640242
2005-01-05,2005,January,52.9,53.76,51.97,53.34,4198.61,-0.16844469399213136
2005-01-12,2005,January,52.45,53.44,51.84,52.18,3583.68,-1.3797013797013702
2005-01-19,2005,January,51.84,52.15,51.44,51.66,3180.17,0.3691470759665805
2005-02-02,2005,February,55.06,55.12,52.75,53.74,2036.31,-1.6111314536799592
2005-02-09,2005,February,53.86,54.36,53.79,54.07,921.43,0.7077668094617184
2005-02-16,2005,February,54.38,54.73,53.66,53.83,1421.22,-0.7741935483871032
2005-02-23,2005,February,54.25,55.35,54.16,55.17,2048.92,1.5461071231363865
2005-03-02,2005,March,54.56,55.52,54.56,55.25,1780.94,0.38154069767442067
2005-03-09,2005,March,59.9,60.48,58.8,59.13,3153.85,-0.5215343203230027
2005-03-16,2005,March,57.28,58.13,57.13,57.74,2402.6,0.5222841225626773
2005-03-23,2005,March,54.46,57.42,54.35,55.68,6577.22,1.5873015873015817
2005-03-30,2005,March,55.37,55.82,54.28,54.66,2916.33,-1.0857763300760048
2005-04-06,2005,April,56.0,57.63,56.0,57.46,2617.46,2.7171969967822784
2005-04-13,2005,April,55.37,55.66,54.67,54.91,980.98,-0.5613908004346246
2005-04-20,2005,April,51.84,53.54,51.84,53.37,1697.49,3.130434782608682
2005-04-27,2005,April,55.66,56.33,53.71,54.27,5611.63,-1.4884734071519357
2005-05-04,2005,May,54.36,54.85,54.27,54.46,1174.3,0.055116663604626304
2005-05-11,2005,May,54.66,55.09,54.38,54.6,1473.59,-0.2557544757033292
2005-05-18,2005,May,54.86,54.86,53.34,53.34,1966.62,0.7365439093484527
2005-05-25,2005,May,53.4,53.74,52.98,53.4,1649.68,0.0
2005-06-01,2005,June,54.06,54.76,53.96,54.4,1423.12,0.9651076466221209
2005-06-08,2005,June,55.18,56.37,55.18,56.22,2019.2,1.9401631912964623
2005-06-15,2005,June,57.88,58.08,57.36,57.88,1677.3,0.10377032168800149
2005-06-22,2005,June,65.03,66.43,64.48,65.99,4727.42,1.491848661950157
2005-06-29,2005,June,62.19,65.13,62.19,64.64,3460.06,2.0685299226275156
2005-07-06,2005,July,64.43,65.11,64.43,64.94,2191.98,1.0739299610894815
2005-07-13,2005,July,64.23,64.67,63.32,63.49,1063.05,-1.1828793774319002
2005-07-20,2005,July,67.04,68.71,67.04,68.34,1700.4,2.1219366407650986
2005-07-27,2005,July,69.71,70.96,69.41,70.31,3257.27,1.063676872215047
2005-08-03,2005,August,74.59,76.51,71.47,71.85,13631.87,-3.8023831838264854
2005-08-10,2005,August,71.57,72.68,71.45,72.4,2285.39,1.6853932584269593
2005-08-17,2005,August,70.48,72.22,69.97,71.93,2049.52,2.100780695528748
2005-08-24,2005,August,69.16,70.13,68.81,69.94,2841.63,1.3917077413742929
2005-08-31,2005,August,71.47,72.88,71.27,72.44,2344.93,1.6844469399214024
2005-09-14,2005,September,75.41,76.0,74.14,74.57,1701.24,-1.4927344782034502
2005-09-21,2005,September,77.72,79.02,75.5,78.79,5004.11,0.5359193568967635
2005-09-28,2005,September,79.23,80.84,79.02,80.56,3210.22,1.5889029003783195
2005-10-05,2005,October,81.52,81.54,80.39,80.73,1752.04,-0.5052994823761314
2005-10-19,2005,October,75.9,76.29,74.59,75.28,3977.88,-1.2591815320041944
2005-10-26,2005,October,77.08,77.94,76.71,76.89,1566.83,-0.49178206289632875
2005-11-02,2005,November,77.13,78.42,76.23,78.23,1658.3,1.4393153526971014
2005-11-09,2005,November,79.73,80.63,79.28,79.68,2196.64,0.16341923318667906
2005-11-16,2005,November,81.04,82.42,80.59,82.3,2137.9,2.49066002490661
2005-11-23,2005,November,82.55,83.89,82.47,83.76,2329.87,1.5642051655147426
2005-11-30,2005,November,85.76,86.17,83.57,83.85,2427.99,-1.7919887561489878
2005-12-07,2005,December,84.37,85.31,83.55,84.91,1739.8,0.8552084570614182
2005-12-14,2005,December,87.83,88.06,86.22,86.62,4891.97,-1.3102426797311106
2005-12-21,2005,December,85.98,86.93,85.47,86.57,1625.4,0.6159925615992323
2005-12-28,2005,December,87.68,89.57,87.48,87.82,5955.7,0.6532951289398126
2006-01-04,2006,January,92.56,94.21,92.56,93.58,2065.84,1.1019878997406973
2006-01-18,2006,January,87.03,90.11,84.94,85.91,31860.89,-8.048806593171365
2006-01-25,2006,January,86.17,86.61,84.86,85.2,3834.66,-0.7571345369830951
2006-02-01,2006,February,88.53,88.97,86.85,87.4,1634.99,-1.0976575761004859
2006-02-08,2006,February,89.15,89.76,88.41,88.68,2052.73,-0.5829596412555982
2006-02-15,2006,February,88.6,89.03,86.24,86.79,2183.83,-1.8323719036308028
2006-02-22,2006,February,86.3,87.36,86.3,86.99,1308.43,0.6712186089572914
2006-03-01,2006,March,87.67,88.37,87.07,87.65,1206.07,-0.12534184138559556
2006-03-08,2006,March,90.51,90.87,88.04,89.08,2199.49,-1.699404105054081
2006-03-22,2006,March,96.58,97.32,94.03,95.44,2083.41,-1.2212792382529591
2006-03-29,2006,March,97.94,98.74,97.52,98.31,641.06,0.3675344563552896
2006-04-05,2006,April,103.64,104.38,103.0,103.95,1004.23,0.22175086772078245
2006-04-12,2006,April,103.27,106.3,101.66,102.59,2909.4,-0.7641710195395501
2006-04-19,2006,April,110.33,115.3,110.33,114.02,3408.06,3.316418992388548
2006-04-26,2006,April,117.88,121.59,117.88,121.08,1788.66,2.63626345681105
2006-05-03,2006,May,127.66,128.77,126.55,128.12,730.35,0.3131850923896007
2006-05-10,2006,May,142.89,147.97,140.98,144.88,2381.2,1.307600867072245
2006-05-17,2006,May,131.24,135.2,130.01,134.61,1648.4,4.2034370645610775
2006-05-24,2006,May,119.98,120.35,115.9,116.21,2949.82,-3.1583333333333408
2006-05-31,2006,May,117.1,119.15,113.74,118.03,3249.8,-0.20292550942757615
2006-06-07,2006,June,112.31,113.92,108.73,110.41,4011.51,-1.6479600926420868
2006-06-14,2006,June,106.24,110.57,104.34,106.41,3257.68,0.07523746825919275
2006-06-21,2006,June,114.54,119.96,113.54,119.38,2649.05,4.344025871864354
2006-06-28,2006,June,120.73,124.61,120.17,123.92,4416.51,1.548799475538809
2006-07-05,2006,July,132.49,136.19,131.57,135.61,1685.74,2.0775310500564803
2006-07-12,2006,July,128.77,136.2,127.78,136.0,3331.57,4.776579352850541
2006-07-19,2006,July,125.68,126.3,120.91,121.61,2984.41,-2.20345798150382
2006-07-26,2006,July,122.6,124.42,121.59,123.88,1451.57,1.3333333333333197
2006-08-02,2006,August,121.47,122.89,121.25,122.57,1730.69,0.8059873344847368
2006-08-09,2006,August,120.74,123.33,119.86,122.14,1492.0,0.9171279847971503
2006-08-16,2006,August,127.41,130.47,127.41,129.39,1231.88,1.5460681211740601
2006-08-23,2006,August,131.13,132.97,130.76,131.47,1176.51,-0.28820629503223394
2006-08-30,2006,August,137.07,140.53,137.07,139.83,1211.26,1.128227381210678
2006-09-06,2006,September,139.3,141.89,139.3,140.83,1212.04,1.0693268264676314
2006-09-13,2006,September,137.47,139.4,137.47,138.23,1891.3,0.8683596030356178
2006-09-20,2006,September,134.97,139.99,134.97,139.58,1230.04,0.7943385326401042
2006-09-27,2006,September,146.6,147.34,145.06,145.5,914.99,-0.2741603838245399
2006-10-04,2006,October,142.07,145.37,141.68,142.31,1723.16,-1.0361613351877685
2006-10-11,2006,October,143.62,143.86,140.93,141.55,1235.68,-0.6038901762516535
2006-10-18,2006,October,149.97,151.19,149.21,149.58,958.97,-0.6575014943215662
2006-11-01,2006,November,151.81,157.01,151.08,156.54,2337.34,3.1021537245603525
2006-11-08,2006,November,159.88,160.35,153.58,155.02,2236.69,-2.973023721599799
2006-11-15,2006,November,158.46,159.48,155.79,156.27,956.78,-1.232461130072049
2006-11-22,2006,November,158.13,159.73,157.63,158.28,624.2,0.3423354887789998
2006-11-29,2006,November,155.38,156.63,154.24,154.67,388.99,-0.1484828921885173
2006-12-06,2006,December,159.06,160.89,157.33,158.5,966.65,0.006309546343619132
2006-12-13,2006,December,150.51,153.66,148.83,153.3,1561.81,2.486963497793826
2006-12-20,2006,December,156.02,157.75,152.44,154.6,1330.96,-0.35449564937157785
2006-12-27,2006,December,158.5,160.69,158.5,160.08,861.59,1.258776646214188
2007-01-03,2007,January,155.52,159.95,155.52,159.09,487.1,0.24574669187147347
2007-01-10,2007,January,158.33,159.84,156.52,157.66,885.43,-0.5613371176285131
2007-01-17,2007,January,167.78,168.62,166.68,167.13,593.98,0.2038491516277885
2007-01-24,2007,January,169.39,170.13,168.43,169.48,313.34,0.5816023738872245
2007-01-31,2007,January,171.37,172.11,168.3,168.97,1182.52,-1.2448860315604882
2007-02-07,2007,February,172.73,173.23,171.02,172.65,449.28,0.383743240886103
2007-02-14,2007,February,169.65,171.99,167.98,170.52,441.85,0.7682307055903559
2007-02-21,2007,February,175.83,176.32,173.51,174.11,425.06,-0.5937767627747559
2007-02-28,2007,February,172.11,172.11,166.55,167.73,2380.2,-3.5812830535755458
2007-03-07,2007,March,163.95,164.81,156.28,159.65,1407.72,-0.770712909441218
2007-03-14,2007,March,162.21,162.21,158.62,159.12,873.49,-3.152769324406579
2007-03-21,2007,March,163.3,166.5,161.9,165.93,637.04,1.4428073607629877
2007-03-28,2007,March,170.87,170.87,166.3,166.99,576.13,-1.2127307146237443
2007-04-04,2007,April,166.42,169.39,166.42,168.79,499.15,1.637863551514429
2007-04-11,2007,April,171.31,173.1,170.51,171.74,444.68,0.3740502630040998
2007-04-18,2007,April,183.04,185.11,182.65,184.05,538.5,0.7003337528040721
2007-04-25,2007,April,198.59,198.75,193.78,198.1,871.57,1.2315396801062972
2007-05-09,2007,May,197.48,198.11,195.3,197.76,640.75,0.21790908630212602
2007-05-16,2007,May,200.59,203.65,197.89,202.37,777.74,2.2845590093505175
2007-05-23,2007,May,219.16,221.02,216.59,217.4,620.59,-1.096401437605199
2007-05-30,2007,May,216.69,220.4,215.7,217.05,854.68,-0.10585419734904233
2007-06-06,2007,June,215.7,216.94,208.14,208.93,967.55,-3.3089596445760816
2007-06-13,2007,June,209.88,211.61,206.55,207.22,876.42,-1.5301273522144054
2007-06-20,2007,June,212.97,215.82,212.97,214.47,551.1,0.28523333021601704
2007-06-27,2007,June,210.35,211.77,209.51,210.21,425.9,-0.34134547006116067
2007-07-04,2007,July,211.12,214.34,211.12,212.44,620.0,0.6014111853009485
2007-07-11,2007,July,209.57,212.73,209.57,210.71,340.4,-0.03320998197171576
2007-07-18,2007,July,228.95,228.95,223.37,225.36,695.77,-0.40217439342378203
2007-07-25,2007,July,236.31,236.99,232.54,235.68,561.65,-0.43513159562333925
2007-08-01,2007,August,232.91,232.91,221.76,222.63,1588.46,-4.984849131492474
2007-08-08,2007,August,223.5,233.4,223.5,232.25,1426.42,3.86851520572451
2007-08-22,2007,August,216.32,221.76,212.6,218.97,1065.77,1.206322795341097
2007-08-29,2007,August,229.07,235.26,228.85,234.0,933.1,0.5197817775677738
2007-09-05,2007,September,245.17,247.56,240.98,242.37,656.83,-0.7127934128057012
2007-09-12,2007,September,245.91,250.37,245.91,249.25,753.52,1.3417361252287208
2007-09-19,2007,September,258.79,270.55,256.93,269.05,1061.1,5.563620669360847
2007-09-26,2007,September,300.38,300.38,286.28,287.51,1169.63,-3.234383414108777
2007-10-03,2007,October,284.29,302.61,282.14,296.37,2393.0,4.550746110699544
2007-10-10,2007,October,325.65,332.08,321.94,324.08,1645.94,0.6490884810087083
2007-10-17,2007,October,315.75,334.94,282.14,333.12,3769.07,1.5857526225908636
2007-10-24,2007,October,322.06,328.25,316.05,323.11,1102.04,0.3042250023282511
2007-10-31,2007,October,340.17,348.93,340.17,344.54,2333.42,0.43433901763592075
2007-11-07,2007,November,325.9,347.07,325.9,342.08,807.55,4.035765335604147
2007-11-14,2007,November,333.7,358.96,333.7,357.54,1921.51,7.1120431396045625
2007-11-21,2007,November,343.98,346.7,334.32,337.04,984.75,-2.327064073955998
2007-11-28,2007,November,351.9,355.86,343.02,345.0,581.83,-1.9607843137254832
2007-12-05,2007,December,354.5,361.79,354.5,359.43,323.74,1.3592397281520618
2007-12-12,2007,December,352.89,360.57,352.34,357.46,312.62,0.2833496984149253
2007-12-19,2007,December,342.6,344.22,328.62,334.91,1065.8,-0.8819438278729663
2007-12-26,2007,December,345.21,360.66,343.3,358.67,606.65,3.896066276577259
2008-01-02,2008,January,355.68,357.1,348.94,354.35,442.17,0.5162681190253426
2008-01-09,2008,January,377.66,378.89,372.95,375.42,528.83,-0.6089166578417959
2008-01-16,2008,January,390.04,390.04,375.5,383.64,986.0,-2.0126685737637873
2008-01-23,2008,January,291.97,321.94,291.97,316.35,1317.02,8.346462086444273
2008-01-30,2008,January,318.84,319.71,304.43,305.79,521.65,-4.117019942305278
2008-02-06,2008,February,315.75,318.84,311.07,316.0,624.1,-2.44504816003952
2008-02-13,2008,February,289.74,305.47,289.74,295.55,1447.04,2.6999791507401616
2008-02-20,2008,February,316.12,316.36,304.6,307.36,549.16,-2.771099582437042
2008-02-27,2008,February,318.84,324.91,318.38,320.39,1399.98,0.457780704229771
2008-03-05,2008,March,302.37,302.37,275.86,283.89,778.27,2.2842731039452335
2008-03-12,2008,March,297.17,300.76,292.22,294.23,825.89,1.2665634142144278
2008-03-19,2008,March,272.41,277.97,265.97,267.34,961.07,0.6399638608643343
2008-03-26,2008,March,286.52,289.5,281.6,284.63,811.86,-0.6769724674599575
2008-04-02,2008,April,300.14,303.98,285.41,290.19,1332.07,-0.06198987498708952
2008-04-09,2008,April,293.61,300.88,291.14,299.41,677.04,1.5465490927590198
2008-04-16,2008,April,324.41,330.36,324.17,327.48,1100.45,1.3775810296257518
2008-04-23,2008,April,322.8,325.99,317.76,319.11,825.34,-1.1614941460695083
2008-04-30,2008,April,328.5,331.2,322.57,323.78,453.57,-1.4368340943683444
2008-05-07,2008,May,325.65,333.08,324.72,332.13,583.06,1.052727659962871
2008-05-14,2008,May,309.68,316.2,307.57,313.26,548.98,1.1397023213766788
2008-05-21,2008,May,319.29,331.22,318.22,330.34,1007.67,2.5327456701222717
2008-05-28,2008,May,309.55,313.88,306.21,312.25,758.05,1.1467072657186383
2008-06-04,2008,June,297.92,302.41,282.95,285.68,1301.66,-4.137445052179456
2008-06-11,2008,June,272.41,280.92,272.41,279.84,1438.53,2.7576836925788495
2008-06-18,2008,June,288.38,290.86,281.69,282.75,912.83,-1.9624839638015423
2008-06-25,2008,June,253.83,266.21,249.5,264.4,1317.4,3.3458411507191865
2008-07-02,2008,July,253.22,266.9,246.55,265.36,2278.19,4.83565107458912
2008-07-09,2008,July,249.02,259.28,249.02,257.54,1242.13,5.1226580676762445
2008-07-16,2008,July,244.67,250.73,238.05,240.88,1566.17,-1.589247048249387
2008-07-23,2008,July,272.41,282.31,269.93,280.52,1246.78,5.162136832239916
2008-07-30,2008,July,258.16,268.69,258.16,267.85,776.02,3.741430729307882
2008-08-06,2008,August,282.56,290.73,282.56,284.28,1408.46,0.8728975942090544
2008-08-13,2008,August,287.28,294.08,286.1,289.85,913.27,-0.05861664712777381
2008-08-20,2008,August,275.01,279.64,274.88,277.87,753.01,1.0252681330667146
2008-08-27,2008,August,269.81,272.16,264.98,265.95,1169.59,-1.4598540145985384
2008-09-10,2008,September,263.0,264.36,256.91,257.99,973.4,-2.7663664116383324
2008-09-17,2008,September,238.99,241.45,229.08,231.99,1406.85,-2.843621743864644
2008-09-24,2008,September,245.17,255.67,245.17,253.54,1123.63,1.8887638643304783
2008-10-01,2008,October,245.97,245.97,233.28,236.16,1457.84,-2.0082987551867215
2008-10-08,2008,October,203.07,206.38,187.09,204.26,2732.15,-1.537719932513859
2008-10-15,2008,October,196.88,197.87,186.0,188.12,1405.25,-6.197955622039397
2008-10-22,2008,October,168.53,170.25,161.59,162.89,1419.02,-5.833044282576028
2008-10-29,2008,October,148.83,151.06,143.01,149.13,2326.52,4.469352014010508
2008-11-05,2008,November,183.89,185.73,154.05,157.19,4129.42,-12.76430434541318
2008-11-12,2008,November,146.11,149.58,141.7,143.9,2978.3,-3.713616594178648
2008-11-19,2008,November,142.4,151.06,138.74,140.31,3967.83,-0.6584536958368803
2008-11-26,2008,November,133.11,141.87,131.11,140.81,3230.36,6.111529766390356
2008-12-03,2008,December,135.71,139.3,130.02,132.43,2306.86,-0.480949876005099
2008-12-10,2008,December,141.4,152.61,140.54,151.95,3322.49,9.568791462359382
2008-12-17,2008,December,172.73,174.34,164.68,167.18,2560.03,-2.64383880736081
2008-12-24,2008,December,154.78,156.15,152.3,153.69,1153.76,-1.4933982822715075
2008-12-31,2008,December,155.4,156.63,150.7,152.33,2051.17,-1.5001616553507846
2009-01-07,2009,January,170.26,170.87,145.49,148.19,3617.9,-12.515496782572754
2009-01-14,2009,January,134.35,150.69,134.35,145.88,2494.9,8.995815899581583
2009-01-21,2009,January,143.63,146.42,137.26,138.61,2211.72,-5.327504951847539
2009-01-28,2009,January,153.55,158.49,151.81,157.64,1495.95,3.751480847703026
2009-02-04,2009,February,162.21,165.51,160.61,161.88,1569.44,0.37202380952381375
2009-02-11,2009,February,170.87,172.11,168.67,171.38,1382.75,-1.244669816756938
2009-02-18,2009,February,154.9,162.95,154.53,160.32,1940.37,2.1406727828745975
2009-02-25,2009,February,154.77,159.11,154.77,156.76,961.89,1.0116631226238848
2009-03-04,2009,March,148.32,150.44,145.87,149.77,1956.02,0.8755977638580159
2009-03-18,2009,March,163.45,168.39,162.45,164.84,1618.36,2.378734240109326
2009-03-25,2009,March,178.3,191.8,177.69,189.87,2964.31,5.630041724617518
2009-04-01,2009,April,189.48,196.74,185.43,195.57,1826.49,3.690154286623182
2009-04-08,2009,April,202.82,215.2,198.75,213.47,2083.33,3.0957210470395014
2009-04-15,2009,April,214.37,227.21,210.5,226.04,1809.03,3.1816314420048286
2009-04-22,2009,April,212.85,214.46,209.51,212.49,1483.12,0.5917439878810882
2009-04-29,2009,April,217.06,224.59,216.44,223.21,1042.64,3.7944664031620556
2009-05-06,2009,May,230.92,239.64,229.07,232.76,1458.86,0.1635252603494175
2009-05-13,2009,May,243.92,244.55,236.14,239.95,1463.67,-1.0433850214450646
2009-05-20,2009,May,270.54,278.6,264.48,266.33,1353.03,-3.7790382600527583
2009-05-27,2009,May,269.96,272.53,266.61,270.82,914.32,2.0114509567575656
2009-06-03,2009,June,284.16,284.79,275.9,277.96,843.6,-1.5059707310159154
2009-06-10,2009,June,282.94,289.92,282.35,287.3,893.38,2.129323522093074
2009-06-17,2009,June,264.98,269.65,252.1,253.93,1711.09,-4.242401387736628
2009-06-24,2009,June,250.78,251.95,244.31,247.66,1048.18,-0.7891679685935182
2009-07-01,2009,July,248.88,258.17,246.28,254.74,1150.31,1.6804374725581717
2009-07-08,2009,July,225.11,234.04,222.88,226.51,1873.47,-1.4016454098289333
2009-07-15,2009,July,227.21,234.08,223.75,232.17,889.38,3.522539795781854
2009-07-22,2009,July,250.75,254.61,243.31,244.83,959.92,-1.9974381554719312
2009-07-29,2009,July,235.26,239.6,231.86,238.52,1357.13,0.8413309093983967
2009-08-05,2009,August,253.22,257.88,251.52,256.96,1055.36,1.6697000870459666
2009-08-12,2009,August,245.16,247.87,240.59,246.62,1123.55,-0.387753453429196
2009-08-19,2009,August,239.59,242.07,231.92,233.21,1518.86,-3.236380233185343
2009-08-26,2009,August,251.98,253.22,249.27,252.55,652.64,0.7861760715140775
2009-09-02,2009,September,243.3,247.28,242.23,244.15,647.5,-0.513426510737125
2009-09-09,2009,September,255.69,269.25,255.2,268.61,1812.96,4.537847830317188
2009-09-16,2009,September,272.44,273.65,267.87,270.36,600.95,0.15187997777366125
2009-09-23,2009,September,258.04,263.03,258.04,260.2,1219.49,0.24270909581229905
2009-09-30,2009,September,268.71,273.76,267.59,272.56,1091.55,1.6256524981357323
2009-10-07,2009,October,260.03,266.84,257.93,259.9,479.88,-1.5679442508711006
2009-10-14,2009,October,269.94,271.79,266.6,269.71,714.02,0.5142921030074854
2009-10-21,2009,October,268.69,273.52,268.69,270.23,600.0,-0.06656558559224868
2009-10-28,2009,October,244.54,252.92,244.54,252.06,862.45,2.2804739490342563
2009-11-04,2009,November,228.45,238.65,227.83,237.82,1041.49,5.49148332150462
2009-11-11,2009,November,256.31,263.02,252.05,261.01,844.05,2.695152659741895
2009-11-18,2009,November,264.42,265.97,259.42,260.33,846.99,-1.4647993943981863
2009-11-25,2009,November,270.55,275.61,269.31,271.63,1323.58,0.809055483392096
2009-12-02,2009,December,267.45,276.87,267.45,272.47,767.63,0.21700750331028473
2009-12-09,2009,December,264.98,266.91,263.24,265.49,569.67,-0.7588217703349165
2009-12-16,2009,December,260.53,261.24,257.08,259.27,840.94,-0.41865109847903925
2009-12-23,2009,December,254.58,264.46,252.88,263.96,1398.55,4.6214823622671375
2009-12-30,2009,December,264.94,268.2,264.94,266.2,373.37,-0.26227051330085516
2010-01-06,2010,January,266.23,270.97,264.98,269.63,1076.78,1.7971080152527685
2010-01-13,2010,January,268.71,270.41,264.98,269.52,1663.85,0.42851287401721727
2010-01-20,2010,January,268.68,271.59,265.3,266.9,789.41,-0.6846766391307657
2010-01-27,2010,January,254.6,259.99,252.84,254.05,1108.82,-1.519556537581901
2010-02-03,2010,February,255.16,259.48,255.07,256.0,880.77,0.6962199583054662
2010-02-10,2010,February,247.64,247.89,243.19,243.84,754.56,-0.9183258837870745
2010-02-17,2010,February,253.34,256.53,253.09,255.57,897.27,1.4367930144870034
2010-02-24,2010,February,238.23,244.18,238.23,242.0,545.82,0.236093277554561
2010-03-03,2010,March,242.68,253.72,242.68,253.08,1436.8,3.900156006240252
2010-03-10,2010,March,246.16,252.2,244.72,249.64,1152.04,1.8024630943642483
2010-03-17,2010,March,266.22,268.17,263.53,264.12,936.78,-0.026496082364957374
2010-03-31,2010,March,269.44,270.92,265.6,266.13,685.76,-1.2138084632516644
2010-04-07,2010,April,279.34,289.99,278.12,279.59,837.74,0.6987214118494567
2010-04-21,2010,April,265.96,265.96,260.08,261.07,726.18,-0.9109196492959493
2010-04-28,2010,April,258.79,260.03,250.63,251.85,2037.91,-4.155725539445143
2010-05-05,2010,May,247.73,253.34,247.64,252.78,729.84,-0.015821533106552543
2010-05-12,2010,May,264.98,269.49,263.27,267.95,781.38,1.384842407960929
2010-05-19,2010,May,249.85,251.23,246.42,247.22,1169.3,-2.195671954741474
2010-05-26,2010,May,247.49,249.93,245.49,249.46,589.48,2.0745529686157393
2010-06-02,2010,June,250.62,254.58,248.53,250.59,810.84,0.03592814371258246
2010-06-09,2010,June,249.23,251.31,247.64,249.34,866.94,1.0455503323067106
2010-06-16,2010,June,264.98,267.13,261.28,261.85,643.45,-0.7580064430547706
2010-06-23,2010,June,262.25,264.41,261.02,262.16,480.02,-0.47454538552067493
2010-06-30,2010,June,262.49,270.65,261.31,269.16,1037.01,1.8349665165903861
2010-07-07,2010,July,265.6,266.22,260.27,260.76,555.71,-1.8296814998870592
2010-07-14,2010,July,267.47,268.69,264.01,264.74,470.78,-0.5297764418560891
2010-07-21,2010,July,262.25,263.24,261.51,262.07,356.02,0.5100866763825929
2010-07-28,2010,July,263.74,264.66,252.21,252.83,2616.14,-3.0894246617348187
2010-08-04,2010,August,255.0,255.0,250.9,251.58,706.26,-1.0034234446936519
2010-08-11,2010,August,244.8,246.38,242.72,243.32,1454.86,-0.5761451395415396
2010-08-18,2010,August,242.37,242.37,237.49,238.91,1290.85,-0.6569919747182906
2010-08-25,2010,August,240.21,241.95,239.0,239.74,662.81,-0.419522326064381
2010-09-01,2010,September,230.56,233.5,228.45,231.91,1098.22,1.9160624038672802
2010-09-08,2010,September,238.23,239.04,236.0,237.75,579.07,-0.18891687657430767
2010-09-15,2010,September,245.17,251.61,244.1,250.23,1575.37,2.297534851396099
2010-09-22,2010,September,257.55,258.14,251.4,252.41,706.39,-1.321396458031976
2010-09-29,2010,September,248.14,249.84,246.44,247.41,867.87,0.08090287609723301
2010-10-06,2010,October,255.07,259.28,254.16,258.69,1250.89,2.087608524072615
2010-10-13,2010,October,262.01,265.76,261.3,265.51,1013.97,1.7318671213456316
2010-10-20,2010,October,257.55,263.44,257.05,259.7,876.69,0.464216634429393
2010-10-27,2010,October,271.54,274.88,268.69,270.59,901.55,-0.34985637475143383
2010-11-03,2010,November,267.95,268.69,263.06,263.8,888.14,-0.8494324588438684
2010-11-10,2010,November,273.65,276.51,272.41,273.01,614.46,-0.45214220601641486
2010-11-24,2010,November,247.64,251.58,244.42,246.18,536.95,-0.08117542008279077
2010-12-01,2010,December,243.93,247.0,243.53,245.19,594.55,0.3355567377337554
2010-12-08,2010,December,253.81,254.37,250.47,252.37,401.74,-1.1089341692789856
2010-12-15,2010,December,261.51,263.12,256.63,260.5,724.61,-0.06521655733303655
2010-12-22,2010,December,265.3,266.22,260.04,261.77,664.29,-1.3454435818195498
2010-12-29,2010,December,259.77,261.02,259.05,259.6,358.37,0.1079747030695799
2011-01-05,2011,January,266.85,269.93,265.02,265.94,1179.98,-0.2475618904726251
2011-01-12,2011,January,252.6,256.31,248.4,255.22,700.84,1.6084083127637427
2011-01-19,2011,January,247.64,248.86,241.7,243.06,690.1,-1.3194754577564805
2011-02-02,2011,February,225.36,229.69,224.61,228.18,1622.56,2.8764652840396643
2011-02-09,2011,February,225.22,231.91,223.87,225.81,1169.56,-0.4013761467889898
2011-02-16,2011,February,232.64,235.51,232.04,233.78,506.68,0.24011662807650325
2011-02-23,2011,February,243.93,248.35,243.31,246.74,819.61,1.1478232352217788
2011-03-09,2011,March,244.8,248.58,239.74,246.13,1767.13,0.9639839199278022
2011-03-16,2011,March,258.42,261.14,257.09,258.69,869.41,0.8027120757510886
2011-03-23,2011,March,247.43,251.36,246.53,250.78,556.82,1.3170652876535183
2011-03-30,2011,March,253.86,256.76,253.59,255.79,385.07,1.002961500493571
2011-04-06,2011,April,258.54,260.94,257.55,258.5,249.85,-0.10820001545713831
2011-04-13,2011,April,247.94,253.46,247.15,253.02,505.67,1.4474159015276156
2011-04-20,2011,April,251.36,254.75,249.4,254.01,360.32,1.4214414054701585
2011-04-27,2011,April,249.13,249.62,242.73,243.97,1087.69,-1.5575192672396487
2011-05-04,2011,May,234.05,236.77,232.78,234.52,576.02,0.3251197809719386
2011-05-11,2011,May,236.5,237.24,233.79,236.43,330.52,0.3395153418495056
2011-05-18,2011,May,228.44,228.77,222.69,223.32,820.22,-2.0225507831351797
2011-05-25,2011,May,226.25,226.35,223.51,224.56,455.76,-0.9264978381717137
2011-06-01,2011,June,235.39,237.24,233.73,234.46,351.28,-0.5218719504433755
2011-06-08,2011,June,236.13,236.5,233.69,234.61,240.85,-0.9248310810810789
2011-06-15,2011,June,225.63,227.5,222.63,223.06,1162.51,-1.4012288379083193
2011-06-22,2011,June,211.71,212.48,206.56,209.53,749.73,-0.2855375243896563
2011-06-29,2011,June,216.59,219.77,215.83,219.24,386.97,1.6930284336008183
2011-07-06,2011,July,210.04,212.63,208.27,211.15,970.58,0.7683497184308496
2011-07-13,2011,July,211.41,214.87,210.77,214.1,383.07,1.889306619711606
2011-07-20,2011,July,219.44,219.63,215.21,216.76,354.18,-0.44093330883704374
2011-07-27,2011,July,216.87,216.87,212.89,213.15,331.15,-1.1959393686552522
2011-08-03,2011,August,205.04,207.03,203.93,204.34,449.43,-1.1943329626227017
2011-08-10,2011,August,194.76,195.64,189.45,190.93,710.16,0.728040094961746
2011-08-17,2011,August,188.68,191.74,185.98,186.92,547.9,-0.5533092147265495
2011-08-24,2011,August,189.45,190.65,187.34,188.44,467.95,-0.6013292541407367
2011-09-07,2011,September,204.31,208.47,203.81,205.97,769.62,1.323297914207
2011-09-14,2011,September,201.69,205.22,199.23,204.38,853.7,1.787937646297122
2011-09-21,2011,September,210.3,210.73,206.2,207.55,669.01,-1.5744297434438281
2011-09-28,2011,September,201.58,201.58,195.3,197.37,990.39,-0.10628606134224228
2011-10-05,2011,October,191.65,192.67,188.62,190.0,1321.13,-0.6691760769552468
2011-10-12,2011,October,205.3,210.86,204.31,210.37,808.15,2.8603559554077895
2011-10-19,2011,October,204.28,209.16,204.18,208.59,503.72,2.7182744866302233
2011-10-26,2011,October,217.18,218.16,215.75,216.28,264.42,-0.18921039272693507
2011-11-02,2011,November,211.74,218.15,211.62,215.81,683.16,1.2669513396837306
2011-11-09,2011,November,220.43,221.02,213.2,214.1,351.3,-1.9598864364868573
2011-11-16,2011,November,213.05,213.05,207.62,210.24,580.47,-1.59146227298258
2011-11-23,2011,November,195.39,195.39,187.05,191.61,1024.25,-2.681700441871082
2011-11-30,2011,November,187.37,194.15,186.66,192.86,830.86,1.799947215624198
2011-12-07,2011,December,199.93,202.82,199.02,200.39,498.54,0.23008052818485059
2011-12-14,2011,December,182.74,186.7,181.77,183.68,1116.65,-0.11963023382273175
2011-12-21,2011,December,180.53,186.72,178.92,185.05,824.91,4.719597079961524
2011-12-28,2011,December,186.08,187.96,182.03,182.9,627.96,-1.9513241127908199
2012-01-04,2012,January,180.26,181.0,176.69,177.31,931.18,-1.0657292712866862
2012-01-11,2012,January,182.91,186.2,181.1,185.32,830.84,1.79061847742501
2012-01-18,2012,January,188.74,194.85,187.89,192.39,1600.87,4.936184138758581
2012-01-25,2012,January,195.61,196.83,193.9,195.66,514.8,0.8868722285242825
2012-02-01,2012,February,202.94,206.29,201.9,205.62,1357.48,1.8223234624145768
2012-02-08,2012,February,210.0,214.08,209.26,212.49,945.45,1.5726577437858547
2012-02-15,2012,February,211.59,211.74,206.39,207.04,682.73,-1.4282993715482806
2012-02-22,2012,February,210.22,211.91,205.62,206.34,824.81,-1.0217297452870922
2012-02-29,2012,February,199.58,204.53,199.28,202.73,985.86,2.835548341280303
2012-03-07,2012,March,192.08,192.62,186.03,188.57,859.58,-1.9396775871034944
2012-03-14,2012,March,204.83,205.41,199.69,201.66,427.3,-0.5277955901938469
2012-03-21,2012,March,188.21,191.48,187.0,190.28,513.71,1.0461473102862273
2012-03-28,2012,March,180.8,182.19,178.58,179.78,487.23,-0.646587455098091
2012-04-04,2012,April,184.87,187.54,184.26,185.01,412.42,-0.7137490608565056
2012-04-11,2012,April,182.76,183.01,180.4,181.5,582.18,-1.3586956521739135
2012-04-18,2012,April,185.86,187.44,184.07,185.57,730.97,0.39493616100410023
2012-04-25,2012,April,182.27,183.97,180.28,182.35,625.85,0.22534901615918201
2012-05-02,2012,May,185.48,185.96,183.29,184.09,303.52,-0.24384957190852763
2012-05-09,2012,May,174.09,175.43,171.18,172.14,651.84,-1.9089406803806663
2012-05-16,2012,May,167.16,169.08,166.8,167.46,448.29,-0.729148141561442
2012-05-23,2012,May,170.25,170.85,168.48,170.18,463.29,-0.5783723783373107
2012-05-30,2012,May,173.76,175.55,172.35,174.89,306.02,0.6387386350558133
2012-06-06,2012,June,175.03,177.07,172.95,176.84,516.77,1.6847794836409635
2012-06-13,2012,June,179.15,179.36,176.55,177.44,313.11,-0.8438111204246979
2012-06-20,2012,June,182.53,183.88,181.56,182.66,295.85,0.043816409245245325
2012-06-27,2012,June,179.79,180.43,177.78,179.02,229.2,-0.11716788484069651
2012-07-04,2012,July,183.01,183.26,180.54,181.78,250.73,-0.26883195259780335
2012-07-11,2012,July,182.02,182.53,178.84,179.71,383.51,-1.867525801343306
2012-07-18,2012,July,178.29,178.76,176.47,177.15,220.32,-0.527823010837214
2012-07-25,2012,July,178.8,178.86,176.45,177.98,284.62,-0.8081145850749705
2012-08-01,2012,August,183.5,185.93,183.01,184.61,423.51,0.3533376821048151
2012-08-08,2012,August,194.4,197.95,193.9,195.8,612.54,0.8862324814509437
2012-08-22,2012,August,200.11,202.05,199.55,200.11,281.33,-0.7735409332077059
2012-08-29,2012,August,195.64,197.37,193.29,193.76,251.21,-0.9660107334526047
2012-09-05,2012,September,191.44,193.04,188.53,190.95,349.71,-0.959543568464738
2012-09-12,2012,September,196.6,198.09,195.44,197.5,283.04,0.9043069534562909
2012-09-26,2012,September,207.77,210.37,206.44,209.04,535.93,0.5096643908068188
2012-10-03,2012,October,206.62,211.13,206.42,209.57,465.34,1.4032031741423534
2012-10-10,2012,October,201.09,203.56,199.91,202.11,365.07,0.08913980092111196
2012-10-17,2012,October,202.18,202.3,198.63,199.45,605.87,-0.9682224428997133
2012-10-31,2012,October,199.35,199.85,197.69,199.41,251.93,0.26649235720033193
2012-11-07,2012,November,198.75,199.59,197.71,198.23,454.95,-0.5817744119564705
2012-11-21,2012,November,190.14,191.18,188.46,190.75,364.96,0.7606571232370074
2012-12-05,2012,December,205.05,207.28,203.19,205.77,461.95,0.8775370134326943
2012-12-12,2012,December,203.91,206.49,203.02,206.08,286.53,1.532246144750471
2012-12-19,2012,December,206.88,208.61,206.6,207.86,284.23,1.0107882204295926
2012-12-26,2012,December,203.45,207.02,203.45,205.05,296.11,0.9750332397695516
2013-01-02,2013,January,209.26,211.96,208.76,209.94,509.93,0.8454222307618275
2013-01-09,2013,January,211.24,212.76,210.08,210.88,241.31,0.1424636717636929
2013-01-16,2013,January,209.85,215.45,209.52,213.07,713.34,1.7186231918651762
2013-01-23,2013,January,228.2,229.92,226.84,228.67,427.04,0.3070579462209899
2013-01-30,2013,January,219.5,223.58,219.5,222.64,780.21,1.8667642752562053
2013-02-06,2013,February,217.72,218.64,215.73,216.66,208.38,-0.16588332872546907
2013-02-13,2013,February,218.17,219.91,216.32,217.49,313.6,0.2627696846763783
2013-02-20,2013,February,212.07,217.55,212.07,216.77,494.51,3.1255946717412053
2013-02-27,2013,February,205.21,208.18,204.8,205.84,343.62,0.8772359715755851
2013-03-06,2013,March,205.82,207.49,204.86,206.73,332.84,1.0262424864389441
2013-03-13,2013,March,208.87,212.06,208.02,208.97,375.54,-0.43358109395844613
2013-03-20,2013,March,205.54,205.54,201.4,203.7,815.25,-0.3034455755677401
2013-04-03,2013,April,197.79,197.89,191.23,192.37,406.73,-2.161529854541755
2013-04-10,2013,April,193.26,194.35,191.22,193.42,410.55,0.6033496307084052
2013-04-17,2013,April,199.38,200.59,190.81,191.7,1169.95,-3.77955127239874
2013-05-08,2013,May,205.14,206.29,203.56,205.32,295.31,0.2392227701020211
2013-05-15,2013,May,198.98,203.13,198.7,202.77,369.42,2.642369020501145
2013-05-22,2013,May,205.79,206.58,201.46,202.51,295.34,-1.1615989067304433
2013-05-29,2013,May,208.76,210.25,206.34,209.82,557.4,0.48850574712642203
2013-06-05,2013,June,193.47,198.86,193.16,198.25,381.37,2.555480833893742
2013-06-12,2013,June,194.65,197.38,193.9,195.96,476.47,0.6471494607087847
2013-06-19,2013,June,203.38,206.24,201.95,205.82,447.16,0.9119435183369218
2013-06-26,2013,June,200.47,201.72,198.33,198.75,233.58,-0.15573194011855307
2013-07-03,2013,July,213.42,213.95,210.13,210.57,359.41,-2.4099735829818836
2013-07-10,2013,July,216.64,217.85,207.87,212.07,595.82,-1.9465507675235805
2013-07-17,2013,July,223.62,227.51,223.62,226.63,755.34,1.5822501120573707
2013-07-24,2013,July,224.45,227.09,221.8,225.01,324.47,-0.0533025363123496
2013-07-31,2013,July,212.32,217.38,208.76,215.85,388.23,1.4857304057548593
2013-08-07,2013,August,209.27,218.1,205.93,215.7,417.29,3.642129540649619
2013-08-14,2013,August,212.85,214.87,209.88,214.25,367.76,1.5018002653022444
2013-08-21,2013,August,205.87,206.46,193.15,194.12,528.12,-4.712350284704492
2013-08-28,2013,August,196.88,202.57,189.45,200.88,833.4,0.9142971968250757
2013-09-04,2013,September,206.78,213.89,206.31,210.34,540.75,2.3203774869874128
2013-09-11,2013,September,220.5,221.02,216.69,219.73,474.18,-0.15449629663288889
2013-09-18,2013,September,212.97,216.27,212.23,215.56,392.77,1.4399999999999968
2013-09-25,2013,September,215.95,216.44,208.66,210.17,567.72,-2.9372373343185765
2013-10-09,2013,October,208.27,214.68,207.53,213.22,312.33,2.0337847537924114
2013-10-23,2013,October,223.87,225.22,220.04,221.85,267.16,-0.858023863788715
2013-10-30,2013,October,222.14,223.5,221.64,222.28,233.64,0.08555090278716815
2013-11-06,2013,November,225.11,227.81,221.76,222.56,282.5,-1.1371712864250205
2013-11-13,2013,November,210.74,213.32,209.01,209.35,272.67,-0.8054963278843918
2013-11-20,2013,November,216.01,218.59,212.29,213.84,305.05,-1.506148956750042
2013-11-27,2013,November,209.48,210.44,207.03,207.51,307.56,-0.4891382534887079
2013-12-04,2013,December,213.34,214.77,211.44,212.06,224.6,-0.6465517241379337
2013-12-11,2013,December,218.67,218.83,215.99,218.17,185.73,-0.2924912024130588
2013-12-18,2013,December,207.77,213.43,207.77,212.64,240.48,2.348864073931467
2014-01-01,2014,January,222.07,222.38,219.71,220.08,129.27,-0.681438693081815
2014-01-08,2014,January,209.36,212.11,209.16,210.06,216.72,0.7240469911292235
2014-01-15,2014,January,217.93,221.62,217.93,219.26,275.54,0.4857928505957787
2014-01-22,2014,January,213.62,216.86,212.73,215.99,216.66,0.9393401252453693
2014-01-29,2014,January,210.74,210.99,206.81,207.22,178.72,-1.0694165950539514
2014-02-05,2014,February,203.81,203.81,200.1,202.11,291.7,-0.712320691687951
2014-02-12,2014,February,199.85,203.53,199.85,202.44,250.22,1.4838580308802918
2014-02-19,2014,February,201.48,203.06,200.72,201.22,135.82,-0.024842251701695517
2014-02-26,2014,February,201.27,202.2,200.16,200.73,168.04,0.019931237231540777
2014-03-05,2014,March,202.05,202.54,199.35,199.82,193.44,-0.9468100926981582
2014-03-12,2014,March,216.23,218.51,214.73,215.73,197.82,-0.4384345578733684
2014-03-19,2014,March,222.63,225.33,221.78,223.41,283.16,0.7576782573400109
2014-03-26,2014,March,218.37,223.54,218.37,220.45,368.13,1.314398639643355
2014-04-02,2014,April,234.02,237.69,232.43,236.98,499.56,1.6776075857038553
2014-04-09,2014,April,231.99,238.94,231.99,238.01,264.65,1.805038709953366
2014-04-16,2014,April,232.83,237.49,232.34,233.04,225.54,-0.7876027076503922
2014-04-23,2014,April,240.21,241.92,238.98,239.43,299.96,-0.15845877986739865
2014-04-30,2014,April,234.02,237.74,230.31,231.62,257.32,-0.5325088035729619
2014-05-07,2014,May,238.23,240.46,236.99,237.92,421.82,-0.2599144797518216
2014-05-14,2014,May,263.17,264.24,257.93,258.92,465.72,-1.4914016131486685
2014-05-21,2014,May,267.45,273.06,265.97,266.98,419.24,-0.03744196495431007
2014-05-28,2014,May,270.53,273.89,268.68,269.57,227.22,0.07424731781564553
2014-06-04,2014,June,271.42,272.78,266.41,266.93,275.84,-1.5418095975803237
2014-06-11,2014,June,276.27,277.11,270.74,272.79,351.98,-1.459379402521388
2014-06-18,2014,June,271.17,272.89,262.89,264.19,732.46,-2.1192249268274677
2014-06-25,2014,June,262.16,262.5,259.68,260.22,227.62,-0.8383507354622344
2014-07-02,2014,July,252.1,254.18,250.59,252.15,375.28,1.0135405816841692
2014-07-09,2014,July,247.52,249.97,245.92,247.66,373.72,0.4950495049504955
2014-07-16,2014,July,241.55,245.54,241.45,244.93,290.66,1.7320152849310544
2014-07-23,2014,July,256.4,257.34,252.66,255.83,322.42,0.21937556312923157
2014-07-30,2014,July,249.18,250.37,245.91,249.01,260.93,0.020083547557825376
2014-08-06,2014,August,243.98,247.11,242.69,244.61,281.41,0.42285901962393346
2014-08-13,2014,August,243.67,246.78,242.9,245.17,352.17,0.561936013125508
2014-08-20,2014,August,250.45,252.2,246.44,247.2,479.71,-1.0408326661329181
2014-08-27,2014,August,247.35,248.14,244.67,246.24,197.15,0.028435633911527702
2014-09-03,2014,September,254.33,256.29,252.84,255.31,345.68,0.6901719514118998
2014-09-10,2014,September,255.07,255.07,250.89,251.61,157.64,-1.6725936926022755
2014-09-17,2014,September,244.1,245.17,242.69,244.67,143.04,0.7701812191103663
2014-09-24,2014,September,241.2,241.2,236.81,238.95,389.9,-0.12539184952978788
2014-10-01,2014,October,233.97,234.05,229.26,229.52,242.98,-1.9606168040664618
2014-10-08,2014,October,228.72,233.28,228.35,232.08,347.38,1.1329963395503073
2014-10-22,2014,October,231.97,235.48,231.21,234.26,297.44,1.8079096045197751
2014-10-29,2014,October,232.29,235.86,231.3,235.58,339.98,1.8460075223725836
2014-11-05,2014,November,247.94,249.62,244.67,245.5,347.54,-0.9841090586432233
2014-11-12,2014,November,243.19,243.68,240.21,241.18,202.97,-0.39235121628876657
2014-11-19,2014,November,244.61,245.61,241.76,242.15,128.95,-1.0056825150239201
2014-11-26,2014,November,245.91,245.91,243.31,244.51,231.96,-0.5045778229908482
2014-12-03,2014,December,237.96,241.11,237.96,239.27,287.43,0.3817754656821659
2014-12-10,2014,December,230.8,233.01,230.31,230.82,232.42,-0.7695283951678844
2014-12-17,2014,December,214.66,216.68,214.1,215.44,696.53,0.6776017570914394
2014-12-24,2014,December,221.64,222.04,218.33,219.61,671.81,-0.7950490129647103
2014-12-31,2014,December,217.99,221.34,217.81,220.69,328.47,1.201449075984784
2015-01-07,2015,January,207.7,212.68,207.33,211.83,660.34,2.3086211060130424
2015-01-14,2015,January,208.79,209.73,205.82,206.79,669.18,-0.9531564326084929
2015-01-21,2015,January,223.87,225.16,220.97,224.03,358.35,0.38985481269044886
2015-01-28,2015,January,219.19,225.29,219.16,224.33,398.08,1.9264846199282148
2015-02-04,2015,February,232.64,233.55,229.24,229.99,399.47,-0.9304329097566177
2015-02-11,2015,February,219.16,223.92,218.83,223.11,263.42,2.0677981609405816
2015-02-18,2015,February,222.88,224.86,221.65,223.24,211.79,-0.1342041692761864
2015-02-25,2015,February,209.75,212.08,208.42,208.9,643.1,0.2158791076996902
2015-03-04,2015,March,224.12,225.11,218.03,219.65,384.31,-1.6301670473375385
2015-03-11,2015,March,212.97,215.33,211.29,211.95,240.86,-0.37602820211516397
2015-03-18,2015,March,212.48,216.17,211.74,215.14,310.09,1.3902634431405714
2015-03-25,2015,March,210.62,210.62,208.06,209.18,382.02,-0.48525214081825974
2015-04-01,2015,April,204.29,207.53,201.58,206.67,254.41,1.1947314302502177
2015-04-08,2015,April,207.03,215.24,206.29,214.34,651.31,3.9274631497284718
2015-04-15,2015,April,228.05,232.64,224.76,228.76,513.68,0.14446438733966005
2015-04-22,2015,April,218.07,219.56,214.86,217.9,302.45,0.45641049283113855
2015-04-29,2015,April,213.82,215.69,210.08,210.81,309.19,-1.5872274870454284
2015-05-06,2015,May,220.66,221.99,215.95,217.74,532.67,-1.3098853283778245
2015-05-13,2015,May,216.69,220.16,212.45,219.11,437.44,1.8926711309523947
2015-05-20,2015,May,222.88,225.23,222.61,224.71,301.94,1.3302669552669677
2015-05-27,2015,May,218.94,220.6,218.11,219.65,188.64,0.26017893007119763
2015-06-03,2015,June,222.63,225.44,220.16,221.86,445.69,-0.3145219266714516
2015-06-10,2015,June,219.16,225.33,219.16,224.34,289.18,2.4898350769793076
2015-06-17,2015,June,224.12,232.88,221.49,230.58,869.84,3.0018761726078758
2015-06-24,2015,June,246.47,249.27,244.18,245.35,659.93,-0.4018835755459915
2015-07-01,2015,July,248.24,250.28,248.14,249.07,463.79,0.5327951564076727
2015-07-08,2015,July,247.64,249.67,245.28,246.36,410.82,-0.8571773512012548
2015-07-15,2015,July,247.64,251.11,247.4,250.47,495.72,1.3843351548269434
2015-07-22,2015,July,249.45,260.89,248.92,260.14,825.92,4.264529058116229
2015-07-29,2015,July,250.62,250.73,245.71,246.52,240.15,-1.43536843788733
2015-08-05,2015,August,245.17,247.64,243.68,244.59,262.9,-0.04495300367797217
2015-08-12,2015,August,239.31,239.31,232.82,233.54,391.42,-2.411098575069992
2015-08-19,2015,August,234.0,237.85,232.7,235.93,299.15,0.8851449585221882
2015-08-26,2015,August,209.98,216.64,208.38,211.35,398.42,0.06154720196951402
2015-09-02,2015,September,210.5,212.22,208.84,210.32,368.13,1.0862251273670909
2015-09-09,2015,September,212.73,217.55,210.83,216.21,410.85,2.8396118721461194
2015-09-16,2015,September,215.45,217.28,214.21,215.97,283.86,0.5259728169800804
2015-09-23,2015,September,208.02,212.17,208.02,210.84,416.23,0.46219088006860254
2015-09-30,2015,September,210.01,213.72,207.67,213.1,345.75,2.5455945334680763
2015-10-07,2015,October,221.84,227.09,220.42,226.31,320.86,2.005769404128732
2015-10-14,2015,October,221.18,223.87,220.97,223.37,167.41,1.0586798172193879
2015-10-21,2015,October,236.75,241.2,235.95,236.44,290.04,-0.07184818900300982
2015-10-28,2015,October,232.29,233.9,230.4,232.1,140.61,-0.210671138054086
2015-11-04,2015,November,240.71,241.45,234.44,235.78,172.8,-1.479191041283634
2015-11-11,2015,November,229.81,231.05,229.57,230.05,85.64,0.762121676667693
2015-11-18,2015,November,229.57,230.72,225.36,225.94,229.96,-1.6326352910444486
2015-12-02,2015,December,239.32,242.34,239.17,241.85,169.06,1.145916105558098
2015-12-09,2015,December,232.78,233.86,226.1,226.83,351.67,-2.810745961695005
2015-12-16,2015,December,241.06,244.4,241.06,242.2,187.54,0.21516054286658814
2015-12-23,2015,December,246.01,249.13,245.39,248.52,227.05,1.6233898998159857
2015-12-30,2015,December,251.53,251.85,248.16,248.84,103.87,-1.0182975338106637
2016-01-06,2016,January,248.88,257.05,247.78,255.56,949.98,2.6716483869671848
2016-01-13,2016,January,261.21,269.29,252.44,266.8,1418.41,3.087206831266176
2016-01-20,2016,January,257.67,257.67,245.29,248.72,1181.91,-3.761027704689679
2016-01-27,2016,January,249.61,250.05,246.69,247.48,213.28,-0.5425390829080223
2016-02-03,2016,February,244.7,245.96,241.45,242.86,344.71,-2.12783106310952
2016-02-10,2016,February,235.57,240.93,235.0,238.33,495.1,0.603630223723095
2016-02-17,2016,February,231.15,236.75,227.11,235.87,365.45,2.4541742680914025
2016-02-24,2016,February,234.34,237.49,233.42,235.89,1457.65,0.19538716391283018
2016-03-02,2016,March,245.79,248.94,244.55,247.94,529.74,1.9280575539568412
2016-03-09,2016,March,252.35,258.54,251.94,258.03,367.79,1.4388489208633004
2016-03-16,2016,March,252.84,254.01,248.98,253.03,164.65,0.13058963197467577
2016-03-23,2016,March,259.28,259.28,253.34,254.91,350.49,-1.8255343731946816
2016-03-30,2016,March,257.64,260.25,257.61,258.76,225.45,0.9165009165009064
2016-04-06,2016,April,255.27,256.53,253.14,255.43,87.59,0.3260015710919051
2016-04-13,2016,April,260.52,264.56,260.52,263.85,421.48,1.7468764460897956
2016-04-20,2016,April,264.53,264.98,256.4,257.13,261.81,-2.2096295732866866
2016-04-27,2016,April,252.57,254.05,251.38,252.52,219.25,0.2859412231930092
2016-05-04,2016,May,241.7,243.59,241.27,242.07,227.28,0.1489388109718215
2016-05-11,2016,May,240.96,242.8,240.46,241.42,155.68,-0.6583820261706896
2016-05-18,2016,May,239.47,240.9,239.03,240.25,146.04,-0.004162157662523924
2016-05-25,2016,May,235.06,235.73,233.18,235.08,181.68,0.9793814432989656
2016-06-01,2016,June,237.44,239.35,235.57,236.08,187.75,-0.5895233282802614
2016-06-08,2016,June,236.99,237.24,235.31,236.29,183.91,-0.05075927414238679
2016-06-15,2016,June,242.07,243.9,241.08,243.28,168.06,0.7662676552209646
2016-06-22,2016,June,244.41,244.41,241.95,242.81,385.46,-0.6871446684936
2016-06-29,2016,June,237.99,239.92,237.81,239.43,169.89,0.9018500568924059
2016-07-13,2016,July,248.39,251.56,248.14,249.74,420.67,0.6366860090264437
2016-07-20,2016,July,252.6,254.6,251.85,253.23,243.36,0.7038892865664392
2016-07-27,2016,July,253.83,254.31,250.12,250.88,168.88,-0.9983820685845024
2016-08-03,2016,August,250.5,250.88,245.66,246.17,175.64,-1.6814442048086908
2016-08-10,2016,August,255.06,256.19,247.9,248.34,205.34,-2.627038895859468
2016-08-17,2016,August,253.34,254.78,249.67,251.11,453.72,-0.9974767386847438
2016-08-24,2016,August,251.23,253.12,250.39,252.78,366.61,1.0715713714514186
2016-08-31,2016,August,263.96,265.86,259.3,262.01,232.49,-0.7312267939683315
2016-09-07,2016,September,252.62,254.27,251.11,251.96,220.3,-0.29678287364963696
2016-09-14,2016,September,259.04,262.01,257.71,258.9,314.37,-0.10803302723976227
2016-09-21,2016,September,265.97,268.57,264.24,265.31,157.17,-0.2556487085980663
2016-09-28,2016,September,274.88,275.63,269.26,269.86,320.53,-1.8690909090909091
2016-10-05,2016,October,273.19,273.84,268.88,269.76,229.69,-0.5383083843374492
2016-10-19,2016,October,268.24,271.05,267.8,269.16,458.73,0.7033822208919682
2016-10-26,2016,October,262.01,262.3,260.52,261.05,114.05,-0.5448034135934199
2016-11-02,2016,November,258.04,258.06,252.87,253.6,167.27,-2.3112480739599484
2016-11-09,2016,November,232.78,249.85,230.8,249.02,432.28,0.26978055164084136
2016-11-16,2016,November,244.99,246.83,243.19,244.14,346.51,-0.17581878398822415
2016-11-23,2016,November,248.88,249.75,247.52,249.44,125.11,0.61310100032268
2016-11-30,2016,November,246.9,247.05,244.67,245.85,267.66,-0.3122212310437189
2016-12-07,2016,December,249.38,249.38,246.57,247.57,76.2,-0.36221676661166713
2016-12-14,2016,December,257.43,263.59,257.4,262.5,519.53,1.9338303821062608
2016-12-21,2016,December,262.25,264.07,261.64,262.86,273.12,0.22113771541865113
2016-12-28,2016,December,264.48,264.95,259.63,260.57,546.78,-1.1457187298455906
2017-01-04,2017,January,270.46,270.54,263.83,264.72,142.75,-1.988226146839922
2017-01-11,2017,January,271.01,271.17,267.95,268.47,88.63,-0.27487834775823394
2017-01-18,2017,January,258.29,259.57,254.83,255.68,330.93,-0.8492651335944457
2017-01-25,2017,January,256.31,256.31,251.63,251.78,587.08,-1.0570990686524895
2017-02-01,2017,February,258.84,260.24,256.24,259.83,253.69,0.5572971090212375
2017-02-08,2017,February,255.36,257.17,253.34,254.0,192.09,-0.48971596474045587
2017-02-15,2017,February,260.77,261.88,259.05,260.25,227.92,0.25424708193690915
2017-02-22,2017,February,270.44,300.14,270.44,299.07,3331.42,10.972170686456394
2017-03-01,2017,March,307.57,308.29,304.66,305.63,822.8,-0.3293764675189159
2017-03-08,2017,March,323.68,324.41,318.47,319.93,793.87,-0.9903134961161131
2017-03-15,2017,March,319.31,325.9,317.79,323.03,389306.47,1.165012057248438
2017-03-22,2017,March,310.72,313.52,308.95,311.91,265.28,-0.33869060932357753
2017-03-29,2017,March,309.57,312.03,305.62,310.72,466.26,0.7261410788381717
2017-04-05,2017,April,343.73,351.15,341.95,350.39,902.56,3.186382778219521
2017-04-12,2017,April,343.93,343.93,334.58,335.35,578.52,-1.4517029592406416
2017-04-19,2017,April,339.52,342.42,336.36,339.23,208.79,-0.044198243856441444
2017-04-26,2017,April,355.39,356.61,347.48,350.75,313.49,-1.127554615926707
2017-05-03,2017,May,340.57,341.87,338.03,339.33,235.24,-0.047129517806132615
2017-05-10,2017,May,330.11,337.54,329.72,336.67,452.63,2.172923431762319
2017-05-17,2017,May,335.8,338.0,333.84,334.91,124.01,-0.29473057457575225
2017-05-24,2017,May,323.34,325.28,320.7,321.19,148.24,-0.5696065380924265
2017-05-31,2017,May,338.78,338.78,330.85,331.99,468.5,-1.3431993105702644
2017-06-07,2017,June,325.11,332.63,324.07,331.64,161.55,1.9646425826287395
2017-06-14,2017,June,326.39,336.18,325.84,335.78,3489.0,3.2978527041161554
2017-06-21,2017,June,349.18,353.39,348.09,351.18,1373.74,0.41460555285506295
2017-06-28,2017,June,356.19,356.61,345.75,346.33,206.24,-2.604122725610958
2017-07-05,2017,July,353.44,358.07,353.39,356.56,235.56,1.2034514078110847
2017-07-12,2017,July,371.17,377.53,370.47,374.07,285.43,1.0235497461380527
2017-07-19,2017,July,376.34,381.57,375.18,379.76,140.18,0.895347910412081
2017-07-26,2017,July,398.71,403.65,396.72,401.65,744.11,1.1559965748249468
2017-08-02,2017,August,398.36,405.14,397.47,403.44,334.55,1.5940167711717024
2017-08-09,2017,August,396.23,401.16,392.7,395.94,193.56,-0.28458458206361836
2017-08-16,2017,August,389.05,390.78,383.98,388.04,239.85,-0.39529749987164964
2017-08-23,2017,August,388.06,392.51,384.84,391.6,191.46,1.1494252873563315
2017-08-30,2017,August,382.61,388.45,382.26,387.35,188.97,2.1142540795613396
2017-09-06,2017,September,404.01,409.21,402.42,407.27,949.19,0.7096933728981236
2017-09-13,2017,September,408.12,425.58,407.37,420.55,751.54,3.1341197243544228
2017-09-20,2017,September,424.09,431.94,418.52,419.56,745.76,0.8460724930295038
2017-09-27,2017,September,409.85,409.85,394.0,395.54,590.9,-2.5139251737565926
2017-10-04,2017,October,395.41,408.59,394.0,405.74,410.94,2.6124781871980973
2017-10-11,2017,October,418.52,424.91,414.21,416.24,426.08,-0.35430431868237466
2017-10-18,2017,October,433.65,454.18,433.45,452.57,1010.08,4.519630484988446
2017-10-25,2017,October,465.57,468.42,460.62,465.54,448.75,0.5551115623042557
2017-11-01,2017,November,468.54,474.19,468.49,471.66,455.59,1.2211086550636407
2017-11-08,2017,November,449.23,450.17,438.38,439.94,368.86,-2.028727313216794
2017-11-15,2017,November,438.82,440.73,434.86,437.04,1129.62,-0.4283240681673184
2017-11-22,2017,November,464.11,464.93,457.92,460.74,417.33,-0.23169701825426214
2017-11-29,2017,November,467.03,470.42,464.58,468.27,506.99,0.2655075691069042
2017-12-06,2017,December,452.59,460.86,450.31,459.38,1026.27,1.7565621885037075
2017-12-13,2017,December,455.54,457.79,451.7,452.69,556.81,-0.11473709759272088
2017-12-20,2017,December,458.14,459.13,454.18,455.04,575.31,-0.5703048180924153
2017-12-27,2017,December,460.69,463.96,454.85,456.8,390.13,-0.6157126384265577
2018-01-03,2018,January,457.87,459.23,452.35,453.86,515.76,0.5449712007089103
2018-01-10,2018,January,468.05,468.91,463.29,466.31,352.4,0.06222908888031675
2018-01-17,2018,January,458.14,459.95,449.72,457.97,360.31,0.12461740271099142
2018-01-24,2018,January,486.32,486.32,475.72,477.73,441.73,-1.7461231541277655
2018-01-31,2018,January,470.52,477.9,466.56,476.05,457.06,1.2549186429862802
2018-02-07,2018,February,446.03,448.48,441.08,442.79,374.73,0.14021756338060687
2018-02-14,2018,February,456.48,466.31,456.06,461.81,429.1,1.9358114073812382
2018-02-21,2018,February,459.13,461.11,456.65,459.8,201.22,0.9728352768078707
2018-02-28,2018,February,467.8,472.95,464.08,471.74,231.62,0.2635494155154072
2018-03-07,2018,March,450.02,450.36,439.96,441.57,337.38,-2.125631704938391
2018-03-14,2018,March,458.91,461.21,455.44,459.92,176.0,-0.21479247575448834
2018-03-21,2018,March,443.68,446.72,441.8,443.95,254.49,0.7649008125652612
2018-03-28,2018,March,443.31,443.78,436.35,437.24,324.24,-1.9047405379938542
2018-04-04,2018,April,448.48,451.28,441.97,443.33,186.33,-0.41108814808159533
2018-04-11,2018,April,455.71,461.11,454.0,460.15,442.77,1.3747218611618983
2018-04-18,2018,April,468.05,469.66,462.6,464.08,205.56,-0.7103123662815514
2018-04-25,2018,April,481.69,486.1,477.7,480.77,425.38,0.09785550697480883
2018-05-02,2018,May,479.83,484.49,478.57,481.91,309.85,1.027232133498246
2018-05-09,2018,May,479.26,486.69,476.47,483.05,333.66,0.7908024871677188
2018-05-16,2018,May,483.55,483.55,472.7,473.72,1288.72,-2.3378551107079537
2018-05-23,2018,May,459.13,459.18,450.24,451.83,275.63,-1.5792454474165774
2018-05-30,2018,May,452.69,457.05,449.27,454.35,482.17,0.03743009379542084
2018-06-06,2018,June,469.98,473.2,466.83,472.21,183.68,0.5857794061261856
2018-06-13,2018,June,494.79,497.71,490.33,496.33,343.69,0.6734143323664732
2018-06-20,2018,June,493.55,506.06,493.31,505.17,340.91,2.441546853770804
2018-06-27,2018,June,485.38,488.23,475.72,478.1,354.12,-1.369806494203074
2018-07-04,2018,July,482.81,491.32,481.42,490.36,337.15,1.8993391795852244
2018-07-11,2018,July,507.67,514.45,503.71,513.29,405.56,1.0333831981733654
2018-07-18,2018,July,543.78,547.04,534.41,540.14,278.59,-0.10356944701314097
2018-07-25,2018,July,550.88,555.86,547.07,551.77,265.01,0.314522580175991
2018-08-01,2018,August,591.87,595.81,587.39,589.96,510.63,0.44607893213470806
2018-08-08,2018,August,588.6,605.24,587.41,602.89,477.7,2.847151142954618
2018-08-29,2018,August,653.28,658.11,639.07,641.12,570.57,-1.8027539095406553
2018-09-05,2018,September,616.63,620.32,599.3,607.12,1203.98,-1.3326399271923584
2018-09-12,2018,September,616.36,622.9,609.13,620.45,459.29,1.1509806159213598
2018-09-19,2018,September,606.73,607.72,594.94,599.45,861.32,-0.5656371296818397
2018-09-26,2018,September,611.78,621.14,607.62,619.98,337.69,1.719442165709606
2018-10-03,2018,October,610.74,614.03,593.7,596.97,430.42,-2.1312523566732744
2018-10-10,2018,October,542.34,552.1,537.44,545.98,404.72,1.0961744991297317
2018-10-17,2018,October,584.44,584.91,565.12,569.04,1452.99,-1.2666134573342203
2018-10-24,2018,October,531.94,532.41,510.64,518.37,584.56,-0.5696858096443824
2018-10-31,2018,October,527.33,527.83,518.89,525.7,3153.17,0.40298707003572076
2018-11-07,2018,November,553.14,553.24,548.08,550.04,99.79,0.6440752396984495
2018-11-14,2018,November,547.29,551.18,538.38,542.88,420.08,-0.3139976863328453
2018-11-21,2018,November,563.14,567.3,548.31,550.91,499.46,-2.313993900276623
2018-11-28,2018,November,560.81,573.39,557.94,567.72,1098.01,1.6617720793639323
2018-12-05,2018,December,566.95,574.04,564.43,571.98,268.32,0.28578942754449166
2018-12-12,2018,December,544.82,551.43,538.92,550.02,1035.91,1.3058773690899361
2018-12-19,2018,December,563.96,567.87,560.37,563.19,1116.28,0.0568514932400177
2018-12-26,2018,December,538.38,545.14,528.25,543.3,474.92,0.6316101428068599
2019-01-02,2019,January,552.74,558.06,545.53,547.94,322.66,-1.3413997371216513
2019-01-09,2019,January,550.71,552.74,544.07,548.98,338.37,0.40419189055727056
2019-01-16,2019,January,562.0,566.93,559.8,561.68,465.38,0.39860577352754945
2019-01-23,2019,January,610.89,616.14,605.49,607.07,419.63,-0.734187978285028
2019-01-30,2019,January,601.77,606.68,589.66,591.77,450.09,-1.3289091939840625
2019-02-06,2019,February,642.88,652.05,639.91,648.75,1086.61,1.5147010499632296
2019-02-13,2019,February,624.56,630.45,611.68,616.34,712.03,-0.9784232765130074
2019-02-20,2019,February,607.27,613.78,603.63,611.36,843.8,1.4806453754730775
2019-02-27,2019,February,607.92,616.14,598.88,605.46,575.15,0.22512829001821721
2019-03-06,2019,March,613.91,629.91,611.93,625.82,736.34,2.149677629968183
2019-03-13,2019,March,660.96,668.64,657.62,667.03,1028.0,1.2707618498162931
2019-03-20,2019,March,683.0,686.76,675.37,681.32,627.42,0.02642628534517133
2019-03-27,2019,March,682.01,682.01,666.11,668.69,627.42,-1.2464371686382147
2019-04-03,2019,April,690.65,694.57,678.54,680.43,713.52,-1.0542694276407638
2019-04-10,2019,April,663.68,667.47,656.75,658.21,450.64,-0.4793008557863798
2019-04-24,2019,April,678.54,690.73,676.74,688.45,494.55,1.9593613933236664
2019-05-08,2019,May,663.68,663.68,639.44,643.6,892.23,-3.3546565756674807
2019-05-15,2019,May,631.39,632.93,619.65,622.7,692.01,-0.1779387954665479
2019-05-22,2019,May,668.14,673.09,660.96,664.03,636.09,0.07083006811743342
2019-05-29,2019,May,654.89,660.29,646.1,650.44,409.99,-0.9577756460036779
2019-06-12,2019,June,661.31,662.99,656.58,659.28,201.15,0.19300618531632452
2019-06-19,2019,June,636.57,644.44,625.4,632.73,449.98,-0.39355823874817064
2019-06-26,2019,June,637.95,646.1,637.48,641.17,320.94,-0.09660480842643704
2019-07-03,2019,July,634.73,637.14,631.99,635.08,274.52,0.32859399684044277
2019-07-10,2019,July,634.56,638.28,628.52,633.15,384.67,-0.085215168299968
2019-07-17,2019,July,642.29,642.29,633.97,634.73,159.91,-0.8946694563282676
2019-07-24,2019,July,631.0,633.5,621.29,623.47,494.83,-1.104008375235943
2019-07-31,2019,July,583.42,586.84,576.02,577.5,363.1,-1.2330899078175528
2019-08-07,2019,August,558.58,563.83,546.3,549.27,546.8,-1.684327343022829
2019-08-14,2019,August,642.88,645.85,634.02,638.08,785.41,1.0435636352119637
2019-08-21,2019,August,632.68,633.17,627.36,629.41,233.09,-0.40823430750487333
2019-08-28,2019,August,631.99,634.21,622.5,625.57,260.14,-0.9453082940114488
2019-09-04,2019,September,594.34,596.77,587.16,595.11,517.32,-0.3616454869656893
2019-09-11,2019,September,605.59,614.13,605.59,611.23,206.85,0.9813477837069984
2019-09-18,2019,September,596.75,602.32,593.16,597.17,298.27,0.7099973016729599
2019-09-25,2019,September,634.46,641.62,628.69,633.87,416.62,0.09790761942360948
2019-10-09,2019,October,649.77,658.73,640.48,656.63,236.14,1.2177639387726646
2019-10-16,2019,October,677.7,683.45,675.32,679.88,193.23,0.6901454340807467
2019-10-23,2019,October,701.82,706.03,685.18,689.86,307.59,-1.513291265739658
2019-10-30,2019,October,733.07,735.01,723.32,732.38,1226.94,0.7899372454035047
2019-11-06,2019,November,716.04,716.28,707.62,709.3,418.28,-1.071159586041459
2019-11-13,2019,November,708.76,730.55,708.26,729.06,468.32,3.095436740811963
2019-11-20,2019,November,768.96,778.52,764.5,766.23,1140.66,2.4673032175238863
2019-11-27,2019,November,773.14,780.08,770.86,777.48,179.08,0.6994093876282248
2019-12-04,2019,December,777.72,781.09,759.5,768.96,558.33,-1.665004220056776
2019-12-11,2019,December,771.41,780.15,768.19,773.94,615.74,0.025848476232326334
2019-12-18,2019,December,773.71,782.55,773.64,780.42,279.22,0.8672500032311792
2020-01-01,2020,January,750.9,756.5,745.58,747.73,456.82,-0.2907015508527677
2020-01-08,2020,January,746.89,759.99,746.89,749.84,270.49,-0.7281489130722574
2020-01-15,2020,January,762.0,762.96,752.34,754.82,226.77,-0.33011144562403727
2020-01-22,2020,January,763.01,766.06,758.23,759.32,199.11,-0.0565975649884809
2020-01-29,2020,January,731.04,740.18,725.6,732.88,358.39,0.5681038504816494
2020-02-05,2020,February,710.24,719.31,708.36,717.2,393.83,1.5576323987538832
2020-02-12,2020,February,722.1,730.05,721.14,728.07,286.31,1.198137466119964
2020-02-19,2020,February,730.82,746.15,730.82,745.01,291.15,2.5986724323133314
2020-02-26,2020,February,699.39,700.83,687.09,689.14,268.29,-1.757737323050168
2020-03-04,2020,March,668.76,670.12,647.88,663.26,1691.32,-0.3350914363852264
2020-03-11,2020,March,551.33,583.65,549.77,571.19,6053.53,3.602198320425165
2020-03-18,2020,March,506.68,512.67,476.07,479.86,1004.67,-3.9684604454761963
2020-03-25,2020,March,471.02,570.57,471.02,535.53,117608.85,14.647513433666571
2020-04-01,2020,April,552.84,557.17,517.45,535.23,825.41,-2.8585429598170564
2020-04-08,2020,April,581.96,608.68,575.45,590.46,1072.38,-1.1798965707686793
2020-04-15,2020,April,594.84,612.15,565.96,569.6,834.16,-3.2970017995993306
2020-04-22,2020,April,653.78,685.82,643.87,675.25,2629.55,10.298921920940863
2020-04-29,2020,April,716.18,719.68,703.56,706.38,642.97,-0.132896001809657
2020-05-06,2020,May,724.11,735.01,716.18,723.94,690.13,0.04560467655230216
2020-05-13,2020,May,767.38,767.38,727.0,748.2,1489.56,2.052785923753686
2020-05-20,2020,May,703.65,722.93,696.83,717.33,907.87,1.8818884217702614
2020-05-27,2020,May,717.0,727.05,706.1,723.48,627.53,1.633771159654418
2020-06-03,2020,June,772.5,779.5,766.63,771.23,444.53,0.41403554456092007
2020-06-10,2020,June,770.55,789.5,770.3,786.0,421.61,2.2705094008197424
2020-06-17,2020,June,804.0,817.48,801.0,807.7,890.84,-0.1298299845440387
2020-06-24,2020,June,869.9,886.0,856.3,863.68,1358.72,0.4244037998674344
2020-07-01,2020,July,859.0,874.33,854.38,868.95,469.14,2.027756904001521
2020-07-08,2020,July,913.0,917.4,895.05,898.68,583.65,-1.4583653150288423
2020-07-15,2020,July,969.35,989.25,899.08,922.8,2839.02,-3.707491156490983
2020-07-22,2020,July,990.03,1005.0,980.0,1002.05,1467.95,1.6350045135050228
2020-07-29,2020,July,1090.0,1092.6,1035.5,1047.93,1525.22,-3.747485602490974
2020-08-05,2020,August,1085.0,1097.5,1059.0,1063.33,1793.84,-1.1389203964372707
2020-08-12,2020,August,1062.0,1072.45,1053.3,1063.8,702.69,-0.30270938961416416
2020-08-19,2020,August,1070.98,1077.0,1060.68,1066.6,758.77,0.6815307066397214
2020-08-26,2020,August,1043.7,1073.58,1023.63,1068.43,857.47,2.6349663784822397
2020-09-02,2020,September,1047.5,1068.5,1042.75,1064.3,1979.77,1.9659315181359993
2020-09-09,2020,September,1042.5,1083.6,1042.5,1080.63,850.68,2.572304538076775
2020-09-16,2020,September,1161.85,1184.4,1155.88,1161.93,653.16,0.2571292980715345
2020-09-23,2020,September,1137.5,1138.25,1103.08,1114.78,774.14,0.832142404891556
2020-09-30,2020,September,1132.4,1133.78,1112.55,1116.88,1560.69,-0.49446290637277235
2020-10-07,2020,October,1116.63,1154.7,1110.5,1128.58,875.12,2.1265428747240023
2020-10-14,2020,October,1142.45,1152.1,1134.78,1143.68,306.82,0.31136800189450753
2020-10-21,2020,October,1085.55,1095.5,1049.38,1061.63,534.56,-1.495708652284844
2020-10-28,2020,October,1022.0,1028.95,1003.45,1005.35,1519.05,-1.1552453052797174
2020-11-04,2020,November,920.0,964.43,920.0,956.73,1065.63,3.460469542461042
2020-11-11,2020,November,1046.0,1047.68,989.5,998.45,811.19,-4.202446629887257
2020-11-18,2020,November,998.73,1003.33,980.5,993.6,427.98,-0.28601535450850646
2020-11-25,2020,November,990.0,996.0,971.15,973.88,914.06,-0.8823978423489809
2020-12-02,2020,December,981.48,981.48,967.5,978.8,220.14,0.16885841477767283
2020-12-09,2020,December,1006.5,1016.9,1000.0,1013.33,917.24,1.6501484632052144
2020-12-16,2020,December,994.0,997.5,982.88,988.03,272.75,0.1043566362715298
2020-12-23,2020,December,966.4,975.6,960.0,971.9,299.74,0.37178560363524404
2020-12-30,2020,December,996.28,1003.43,987.95,997.75,224.28,0.3167102352704676
2021-01-06,2021,January,984.0,984.0,952.5,957.08,864.04,-2.636826042726348
2021-01-13,2021,January,982.4,987.48,959.33,969.55,474.93,-0.8974476914742513
2021-01-20,2021,January,1011.25,1029.03,1000.63,1027.43,488.58,1.9124138273074465
2021-01-27,2021,January,965.1,965.1,944.0,947.63,1740.18,-2.291075939578291
2021-02-03,2021,February,963.5,975.5,950.0,965.15,921.55,0.1993293398253826
2021-02-10,2021,February,978.85,991.98,964.0,987.63,470.99,0.9867277449436607
2021-02-17,2021,February,1029.0,1047.5,1025.43,1041.38,692.48,1.121544332559754
2021-02-24,2021,February,1012.9,1040.75,1000.28,1032.78,1581.0,2.0402517463171677
2021-03-03,2021,March,1060.85,1110.0,1053.6,1100.68,1101.11,4.518089450194673
2021-03-10,2021,March,1105.5,1107.88,1085.08,1090.85,249.2,-0.388092411651908
2021-03-17,2021,March,1050.0,1051.88,1017.68,1027.58,243.2,-2.156670443617126
2021-03-24,2021,March,1040.28,1040.28,1020.4,1023.65,307.57,-1.998985189511071
2021-03-31,2021,March,1007.68,1024.95,999.5,1001.6,207.9,-1.2520950409149134
2021-04-07,2021,April,996.1,1023.05,996.1,1001.4,281.52,0.964883094885205
2021-04-28,2021,April,999.73,1003.7,990.38,998.03,442.4,0.35999798883803447
2021-05-05,2021,May,959.85,968.95,954.08,959.88,287.29,0.16696581374964214
2021-05-12,2021,May,967.0,967.0,953.88,956.78,373.11,-1.0415266070228135
2021-05-19,2021,May,991.0,1008.3,986.05,998.18,563.71,0.430626823624114
2021-05-26,2021,May,992.45,992.45,983.0,984.83,184.23,0.26266225502673546
2021-06-02,2021,June,1079.95,1104.95,1079.28,1100.65,400.32,1.523802496010629
2021-06-09,2021,June,1109.95,1110.8,1079.13,1087.38,359.01,-1.803404524314789
2021-06-16,2021,June,1124.0,1124.0,1103.38,1105.83,497.1,-1.6908921189491943
2021-06-23,2021,June,1124.5,1125.0,1100.73,1102.55,674.94,-0.9389038634321722
2021-06-30,2021,June,1047.5,1061.75,1045.98,1055.45,426.25,1.135492525871995
2021-07-07,2021,July,1063.18,1063.88,1049.35,1055.08,432.96,-0.7431936630980962
2021-07-14,2021,July,1051.35,1053.4,1041.0,1043.0,143.31,-0.6458496065842367
2021-07-28,2021,July,1030.05,1030.08,1008.3,1018.43,207.23,-0.8489509808694118
2021-08-04,2021,August,1048.8,1057.05,1043.5,1051.78,297.85,0.798313287651542
2021-08-11,2021,August,1049.5,1059.75,1041.28,1058.05,346.08,1.3263742578050186
2021-08-18,2021,August,1087.5,1093.0,1076.35,1085.78,148.08,0.35120797057246467
2021-08-25,2021,August,1091.85,1109.95,1090.0,1101.15,208.01,0.8933479934029709
2021-09-01,2021,September,1137.5,1146.45,1065.0,1134.88,299.87,0.46297525782321713
2021-09-08,2021,September,1227.0,1227.5,1203.08,1215.3,233.02,-0.4382910744275659
2021-09-15,2021,September,1186.0,1197.63,1184.43,1189.48,76.03,0.45011189460792966
2021-09-22,2021,September,1204.5,1220.63,1199.08,1215.3,272.04,1.0997604152801932
2021-09-29,2021,September,1281.0,1281.95,1260.0,1263.63,2433.92,-0.8163073083051309
2021-10-06,2021,October,1311.5,1311.5,1275.03,1280.1,134.6,-1.87420949752789
2021-10-13,2021,October,1341.5,1359.75,1334.5,1347.95,229.2,1.0245225889618403
2021-10-20,2021,October,1370.0,1372.05,1345.73,1349.95,2747.09,-1.1568735127219454
2021-10-27,2021,October,1329.9,1338.5,1310.0,1316.33,240.76,-1.0835994739808452
2021-11-03,2021,November,1252.38,1260.23,1230.5,1241.93,249.02,-0.6813547123035724
2021-11-10,2021,November,1259.45,1279.0,1251.93,1274.7,108.32,1.1642579938572872
2021-11-17,2021,November,1249.85,1250.0,1230.18,1232.03,370.0,-1.9123442538115487
2021-11-24,2021,November,1190.7,1205.43,1172.0,1175.45,1856.37,-1.4776880008046334
2021-12-01,2021,December,1212.75,1237.3,1212.75,1233.45,334.82,2.498795060579373
2021-12-08,2021,December,1213.5,1215.73,1203.55,1208.7,655.27,1.5031911320120939
2021-12-15,2021,December,1192.43,1202.25,1180.88,1186.25,271.04,-0.3318769954629541
2021-12-22,2021,December,1157.25,1186.0,1157.25,1182.98,244.74,2.4180771395177825
2021-12-29,2021,December,1195.95,1209.2,1191.23,1201.53,136.02,0.22354756641782547
2022-01-05,2022,January,1230.08,1238.15,1216.5,1233.03,256.77,0.33770587852353096
2022-01-12,2022,January,1236.23,1262.18,1232.7,1260.3,196.31,2.6762800928754604
2022-01-19,2022,January,1263.15,1270.83,1254.4,1260.7,132.49,0.02142126099822228
2022-02-02,2022,February,1205.2,1205.2,1188.0,1191.75,337.67,0.12770640968551294
2022-02-09,2022,February,1183.55,1193.3,1179.3,1191.98,1356.13,1.2039395483104176
2022-02-16,2022,February,1213.78,1216.03,1198.0,1206.18,241.83,-0.2068372108415817
2022-02-23,2022,February,1199.3,1203.03,1183.95,1186.9,187.28,-0.6029645758311553
2022-03-02,2022,March,1174.55,1200.23,1165.55,1199.2,298.73,1.6658895341443936
2022-03-09,2022,March,1124.5,1183.35,1116.98,1176.9,430.96,5.2353914248669975
2022-03-16,2022,March,1193.98,1203.53,1188.23,1201.63,276.21,1.6839718040499996
2022-03-23,2022,March,1263.1,1282.5,1263.1,1269.85,200.22,0.3397732211291471
2022-03-30,2022,March,1318.95,1344.0,1308.88,1336.5,154.6,1.9388595661592012
2022-04-06,2022,April,1294.33,1317.03,1294.3,1309.68,146.95,-0.23006018130570238
2022-04-13,2022,April,1288.5,1296.45,1273.0,1276.23,156.92,-0.3007624523467256
2022-04-20,2022,April,1327.88,1366.83,1325.0,1359.2,458.16,3.0297976850132358
2022-04-27,2022,April,1379.85,1413.55,1378.5,1388.95,389.36,0.07925928594589848
2022-05-04,2022,May,1392.5,1392.58,1337.9,1346.58,3251.05,-3.1432517190781772
2022-05-11,2022,May,1239.35,1242.53,1210.95,1224.88,269.99,-0.9501629428365854
2022-05-18,2022,May,1269.5,1285.0,1254.15,1269.4,276.65,0.32006954597543213
2022-05-25,2022,May,1316.18,1327.9,1300.93,1305.58,248.03,-0.1850152905198854
2022-06-01,2022,June,1316.18,1327.48,1308.05,1316.1,147.78,-0.06454307300961526
2022-06-08,2022,June,1387.6,1391.05,1357.8,1362.15,186.94,-1.7385031559963848
2022-06-15,2022,June,1305.0,1318.7,1292.55,1298.15,163.12,-1.1821752633822569
2022-06-22,2022,June,1281.5,1281.5,1250.5,1252.6,191.65,-3.0705419878045093
2022-06-29,2022,June,1252.18,1298.43,1250.5,1289.53,305.04,1.9794385132463344
2022-07-06,2022,July,1212.53,1220.58,1193.7,1205.98,259.34,-0.8729245438106159
2022-07-13,2022,July,1214.5,1216.98,1186.5,1188.65,185.36,-1.7709572920798444
2022-07-20,2022,July,1267.5,1272.53,1242.78,1250.7,536.74,2.466000327707696
2022-07-27,2022,July,1209.7,1213.5,1201.0,1209.63,182.22,-0.05122908489980649
2022-08-03,2022,August,1298.73,1305.0,1283.78,1302.9,159.49,0.8787890519143859
2022-08-10,2022,August,1286.0,1294.98,1279.0,1290.98,111.73,0.5906186691600368
2022-08-17,2022,August,1330.28,1338.8,1328.0,1332.23,114.21,0.5244174815888014
2022-08-24,2022,August,1318.7,1334.25,1318.0,1319.53,150.28,-0.31879131255901916
2022-09-07,2022,September,1289.85,1297.25,1284.53,1290.58,191.62,-0.5486630191878006
2022-09-14,2022,September,1282.5,1304.75,1282.5,1293.9,257.29,-1.2350390815827894
2022-09-21,2022,September,1250.93,1267.0,1247.85,1254.63,74.86,0.2877628833841017
2022-09-28,2022,September,1182.55,1189.2,1163.93,1166.05,249.08,-2.642564916089174
2022-10-12,2022,October,1177.48,1190.4,1172.78,1187.53,92.0,0.7551139882745028
2022-10-19,2022,October,1226.08,1263.5,1220.95,1248.25,304.0,1.8746735440062778
2022-11-02,2022,November,1264.18,1275.13,1257.13,1272.7,119.46,0.6182404654986984
2022-11-09,2022,November,1303.0,1310.75,1295.68,1301.5,185.28,-0.12125118948951297
2022-11-16,2022,November,1302.0,1307.53,1290.6,1295.93,116.48,-0.5693021828365286
2022-11-23,2022,November,1289.5,1289.5,1276.08,1278.23,188.17,-0.3057364582927158
2022-11-30,2022,November,1357.5,1371.8,1349.55,1366.2,116.52,0.7871459871784614
2022-12-07,2022,December,1343.4,1347.18,1321.5,1324.95,116.13,-1.4269453103494478
2022-12-14,2022,December,1315.6,1319.75,1305.5,1307.45,42.45,-0.354393719990842
2022-12-21,2022,December,1311.0,1316.8,1288.18,1292.2,77.51,-1.4024325107967361
2022-12-28,2022,December,1267.95,1274.95,1260.63,1272.23,168.93,-0.023575082709248463
2023-01-04,2023,January,1279.5,1279.8,1257.43,1259.08,172.93,-1.518967540086047
2023-01-11,2023,January,1277.6,1279.1,1261.0,1262.75,127.8,-1.2689799684123315
2023-01-18,2023,January,1239.5,1245.75,1230.23,1237.3,126.81,-0.1597701891420833
2023-01-25,2023,January,1205.0,1207.4,1190.5,1191.48,103.91,-1.3332450024014952
2023-02-01,2023,February,1190.0,1190.45,1152.5,1169.03,573.67,-0.6729257827435386
2023-02-08,2023,February,1155.65,1179.8,1153.58,1175.9,268.85,1.9905459907194611
2023-02-15,2023,February,1193.9,1218.5,1187.5,1215.05,367.07,2.216707327332368
2023-02-22,2023,February,1214.0,1215.0,1188.03,1189.5,288.64,-2.2797288971041274
2023-03-01,2023,March,1171.1,1172.75,1161.78,1171.63,183.72,0.9173284638839707
2023-03-08,2023,March,1200.6,1210.0,1193.23,1208.78,99.78,0.40534928150177674
2023-03-15,2023,March,1142.45,1149.5,1114.0,1118.43,422.74,-1.7412694926422057
2023-03-22,2023,March,1140.05,1145.65,1135.0,1138.33,230.72,0.2907412138886123
2023-03-29,2023,March,1120.95,1122.5,1105.63,1117.63,159.03,-0.5649566718268884
2023-04-05,2023,April,1170.88,1173.3,1154.25,1162.75,258.0,-0.26846673757162653
2023-04-12,2023,April,1168.15,1184.13,1165.03,1173.2,198.16,0.4323074947566674
2023-04-19,2023,April,1168.5,1179.0,1166.13,1175.83,96.09,0.4957137851166138
2023-04-26,2023,April,1189.9,1190.75,1176.93,1181.03,145.62,-0.5490295145467505
2023-05-03,2023,May,1223.5,1223.5,1206.68,1209.9,89.39,-0.8709331192186864
2023-05-10,2023,May,1242.8,1249.95,1240.75,1248.15,99.08,0.6913632036657624
2023-05-17,2023,May,1230.18,1231.85,1214.6,1219.4,158.3,-0.6137269444874582
2023-05-24,2023,May,1223.3,1231.5,1216.65,1218.53,154.32,-0.6943482335683093
2023-05-31,2023,May,1253.48,1254.48,1230.85,1237.35,205.08,-1.77423195999048
2023-06-07,2023,June,1243.05,1249.78,1236.18,1248.78,211.34,0.6975075193729641
2023-06-14,2023,June,1259.03,1277.5,1258.3,1276.3,196.74,1.2775749880971299
2023-06-21,2023,June,1278.18,1284.55,1273.98,1281.8,144.71,0.6612323108577067
2023-06-28,2023,June,1258.0,1268.63,1248.85,1264.68,171.62,1.344659027165629
2023-07-05,2023,July,1300.28,1302.0,1287.85,1292.4,61.77,-0.1336805421402798
2023-07-12,2023,July,1384.93,1401.1,1381.0,1383.1,325.22,0.06873349491731684
2023-07-19,2023,July,1416.0,1427.5,1398.23,1420.0,782.34,0.6235827664399007
2023-07-26,2023,July,1240.05,1273.63,1240.05,1262.85,132.96,1.6500986034531318
2023-08-02,2023,August,1250.0,1255.9,1231.6,1243.18,184.49,-1.0466995136627966
2023-08-09,2023,August,1253.5,1264.7,1240.5,1261.78,212.8,0.7143826377082219
2023-08-16,2023,August,1278.33,1291.08,1275.33,1287.45,87.87,-0.07218367251897728
2023-08-23,2023,August,1263.98,1271.2,1259.03,1261.58,157.33,0.1651448987693538
2023-08-30,2023,August,1215.15,1221.63,1207.53,1209.15,923.88,-0.08098303488055514
2023-09-06,2023,September,1211.48,1218.0,1209.0,1214.05,175.25,0.170794897605564
2023-09-13,2023,September,1221.78,1231.25,1207.8,1226.38,142.95,0.6070649231324721
2023-09-20,2023,September,1211.48,1213.2,1180.8,1191.05,2533.48,-2.2126436781609193
2023-09-27,2023,September,1174.5,1185.85,1169.5,1184.55,248.13,1.1761389842668946
2023-10-04,2023,October,1156.0,1159.35,1147.58,1157.15,269.21,-0.17081776849878771
2023-10-11,2023,October,1157.45,1174.75,1157.0,1172.5,1384.1,1.5784731607582314
2023-10-18,2023,October,1177.63,1183.58,1160.1,1161.8,260.84,-1.3584649346238709
2023-10-25,2023,October,1126.48,1140.75,1121.2,1129.0,217.48,-0.20595228624715745
2023-11-01,2023,November,1144.95,1158.75,1137.63,1148.33,263.1,0.3539343517320992
2023-11-08,2023,November,1166.85,1170.5,1161.3,1168.3,317.76,0.533516909043974
2023-11-15,2023,November,1167.75,1181.18,1163.4,1178.45,104.54,1.8407293782137124
2023-11-22,2023,November,1186.35,1197.38,1186.2,1193.88,63.24,0.3893210006306491
2023-11-29,2023,November,1202.58,1205.88,1199.13,1200.25,323.78,0.2480622744888361
2023-12-06,2023,December,1221.63,1236.8,1220.15,1230.35,130.35,0.9493099657033932
2023-12-13,2023,December,1213.88,1219.0,1203.15,1216.7,137.3,0.38944537038565485
2023-12-20,2023,December,1280.15,1298.93,1260.0,1263.68,649.41,-1.2155749943325245
2023-12-27,2023,December,1289.25,1299.68,1286.13,1293.18,103.81,0.34374393792435676
2024-01-03,2024,January,1304.05,1317.0,1288.58,1291.48,107.5,-1.07012907426558
2024-01-10,2024,January,1290.3,1329.48,1288.65,1324.98,458.0,2.687747035573129
2024-01-17,2024,January,1364.93,1386.0,1355.5,1361.4,115.86,-0.904769876913436
2024-01-24,2024,January,1330.0,1349.5,1324.5,1344.35,273.06,1.2311746987951677
2024-01-31,2024,January,1405.73,1434.73,1402.48,1426.6,108.7,1.3620570827678646
2024-02-07,2024,February,1435.0,1449.0,1429.23,1441.7,320.51,0.9311117334080077
2024-02-14,2024,February,1455.7,1483.3,1455.7,1481.3,122.71,1.148530536436132
2024-02-21,2024,February,1471.93,1488.5,1458.08,1469.1,103.41,-0.08705232660946027
2024-02-28,2024,February,1482.45,1491.0,1450.28,1454.5,64.33,-2.0670616751952586
2024-03-06,2024,March,1494.73,1509.5,1478.5,1502.98,110.02,0.255478104259077
2024-03-13,2024,March,1477.73,1482.98,1427.93,1432.35,97.96,-2.8981086028065928
2024-03-20,2024,March,1425.53,1445.1,1424.03,1443.4,152.91,1.2642242770348977
2024-03-27,2024,March,1449.83,1499.95,1448.95,1493.93,471.03,3.5955009430822304
2024-04-03,2024,April,1483.45,1483.45,1469.0,1471.2,127.11,-0.9726382391545774
2024-04-10,2024,April,1474.98,1487.0,1467.28,1479.3,164.36,1.0761504560828028
2024-04-24,2024,April,1461.15,1468.33,1449.35,1450.3,78.39,-0.6133287647764329
2024-05-08,2024,May,1397.5,1433.48,1397.5,1418.48,278.87,1.17690694589081
2024-05-15,2024,May,1422.5,1429.7,1412.75,1415.58,51.82,-0.30424677794211874
2024-05-22,2024,May,1436.45,1468.4,1436.45,1460.38,110.84,1.7225646919513782
2024-05-29,2024,May,1448.5,1458.05,1438.5,1440.73,65.08,-1.0236117694743974
2024-06-05,2024,June,1424.48,1430.68,1384.03,1421.08,180.09,1.738258877434129
2024-06-12,2024,June,1456.75,1476.0,1455.5,1463.03,172.57,0.43109661918654396
2024-06-19,2024,June,1485.7,1487.6,1455.63,1458.6,97.51,-1.4925373134328401
2024-06-26,2024,June,1449.98,1518.5,1445.08,1513.7,722.7,4.0880178786316
2024-07-03,2024,July,1565.18,1574.75,1542.6,1552.65,171.68,-0.8619863997701316
2024-07-10,2024,July,1592.5,1597.5,1563.38,1583.45,70.91,-0.4169601529482758
2024-07-24,2024,July,1482.43,1510.0,1476.85,1495.33,164.24,0.5040898489746759
2024-07-31,2024,July,1506.98,1510.48,1501.55,1505.13,62.66,-0.50569150834886
2024-08-07,2024,August,1472.88,1473.05,1461.5,1464.6,122.27,0.597568514321023
2024-08-14,2024,August,1463.25,1471.7,1454.0,1461.33,57.09,-0.14486316580683
2024-08-21,2024,August,1492.5,1507.93,1490.0,1498.28,90.36,0.10690327925808596
2024-08-28,2024,August,1506.98,1507.5,1492.68,1497.88,51.1,-0.1566426481272809
2024-09-04,2024,September,1497.95,1517.0,1497.95,1514.9,201.29,0.3377930851768518
2024-09-11,2024,September,1464.48,1468.5,1447.65,1451.55,128.68,-0.6808073896681477
2024-09-18,2024,September,1470.0,1482.0,1461.0,1463.13,197.35,-0.6228350200366717
2024-09-25,2024,September,1484.63,1496.8,1480.25,1493.73,147.4,0.27523613246240863
2024-10-09,2024,October,1401.35,1401.35,1372.08,1375.05,320.54,-1.6437415506105002
2024-10-16,2024,October,1343.95,1364.28,1338.0,1354.0,317.64,0.7477956769224914
2024-10-23,2024,October,1340.5,1357.5,1335.5,1338.85,424.81,-0.3572358873218606
2024-10-30,2024,October,1339.8,1349.9,1324.8,1343.95,324.32,0.3734269390193834
2024-11-06,2024,November,1311.85,1328.45,1300.3,1325.55,873.76,1.5008231555572404
2024-11-13,2024,November,1269.5,1275.0,1249.7,1252.25,525.8,-1.6377346634199874
2024-11-27,2024,November,1295.75,1303.8,1286.2,1292.9,263.57,-0.20454633167379388
2024-12-04,2024,December,1326.95,1329.0,1305.0,1309.0,438.49,-1.084369214493508
2024-12-11,2024,December,1286.5,1290.0,1275.35,1278.1,594.41,-0.5330946729444785
2024-12-18,2024,December,1243.4,1259.9,1241.75,1253.05,260.43,0.6385029314914581
2025-01-01,2025,January,1218.95,1226.2,1212.1,1221.65,380.22,0.5100991402361199
2025-01-08,2025,January,1251.2,1270.7,1245.0,1264.7,881.92,1.9179627689580148
2025-01-15,2025,January,1247.0,1256.75,1242.15,1252.3,287.14,1.1101691494085797
2025-01-22,2025,January,1279.0,1282.9,1268.8,1277.3,2201.4,0.3417259122510563
2025-01-29,2025,January,1237.3,1242.75,1228.45,1235.8,358.15,0.16210082671421766
2025-02-05,2025,February,1284.95,1290.0,1276.15,1278.05,355.65,-0.6181959564541262
2025-02-12,2025,February,1219.95,1227.85,1193.65,1215.7,596.94,-1.5308601976348535
2025-02-19,2025,February,1222.75,1232.8,1217.6,1226.95,110.21,0.16327197028449536
2025-03-05,2025,March,1162.0,1183.05,1158.0,1175.75,348.56,1.2094344495136466
2025-03-12,2025,March,1256.85,1261.55,1244.0,1256.6,426.3,0.737534070867385
2025-03-19,2025,March,1242.0,1252.75,1239.35,1247.7,295.43,0.7184371972877024
2025-03-26,2025,March,1290.25,1293.95,1269.0,1272.55,658.35,-0.9996888128209203
2025-04-02,2025,April,1250.35,1256.0,1243.8,1251.1,243.3,-0.10778873408121559
2025-04-09,2025,April,1172.4,1189.5,1169.1,1185.6,495.96,0.27063599458725385
2025-04-16,2025,April,1239.85,1240.9,1229.05,1238.65,361.52,-0.10081458182111813
2025-04-23,2025,April,1295.85,1305.75,1285.3,1299.9,420.7,0.6932878887640825
2025-04-30,2025,April,1404.9,1411.85,1373.5,1408.35,3375.63,0.5748768121116798
2025-05-07,2025,May,1412.05,1424.9,1402.15,1406.0,262.09,-1.0242511703213553
2025-05-14,2025,May,1418.1,1429.8,1415.5,1424.25,320.53,0.5684225391893838
2025-05-21,2025,May,1424.95,1436.1,1418.35,1428.9,507.42,0.2525784045464219
2025-05-28,2025,May,1421.7,1422.2,1410.2,1411.15,260.94,-0.7455600492350944
2025-06-04,2025,June,1410.4,1425.0,1406.15,1423.2,312.94,1.2269284113944234
2025-06-11,2025,June,1444.9,1468.0,1442.8,1448.75,654.1,0.7055470596413205
2025-06-18,2025,June,1430.0,1443.0,1425.55,1429.85,277.71,-0.10130650457625956
2025-06-25,2025,June,1462.05,1472.0,1460.15,1467.25,143.27,1.186165994276056
2025-07-02,2025,July,1529.9,1530.0,1508.95,1518.25,284.42,-0.6575934044362963
2025-07-09,2025,July,1531.05,1551.0,1510.0,1519.05,548.14,-1.2834676371198284
2025-07-16,2025,July,1472.0,1490.9,1472.0,1485.75,130.75,0.05724291198059284
2025-07-23,2025,July,1426.9,1426.9,1414.85,1424.5,462.9,0.8281426953567372
2025-07-30,2025,July,1417.95,1423.25,1401.35,1409.9,317.69,-0.567721005677202
2025-08-06,2025,August,1391.9,1395.95,1383.35,1392.95,134.52,0.09701063524001352
2025-08-13,2025,August,1389.8,1391.7,1377.7,1382.65,369.17,0.16299623297595378
2025-08-20,2025,August,1414.95,1424.6,1410.2,1412.45,429.89,-0.5281876122398721
2025-09-03,2025,September,1369.9,1376.45,1361.15,1371.55,308.66,0.3842494327746415
2025-09-10,2025,September,1382.2,1388.65,1373.7,1376.8,429.95,0.03269517201294203
2025-09-17,2025,September,1409.95,1415.9,1407.0,1413.65,602.24,0.6049176244529164
2025-09-24,2025,September,1389.0,1396.0,1380.2,1383.75,604.73,-0.4747006149530608
2025-10-01,2025,October,1364.25,1378.2,1363.05,1368.8,1254.86,0.3666226719460264
2025-10-08,2025,October,1384.2,1389.7,1364.9,1367.35,596.05,-1.270804000144421
2025-10-15,2025,October,1380.15,1383.6,1372.7,1374.75,631.46,-0.06542361792607476
2025-10-29,2025,October,1489.0,1508.0,1488.7,1504.05,750.04,1.1364018424503186
2025-11-12,2025,November,1500.0,1524.0,1500.0,1511.75,854.48,1.1948590936474934
